{"stats":{"minecraft:mined":{"minecraft:white_bed":5,"iceandfire:silver_ore":9,"minecraft:deepslate_diamond_ore":1,"minecraft:grass_block":12,"biomesoplenty:dune_grass":5,"minecraft:hay_block":11,"biomesoplenty:toadstool":1,"minecraft:iron_ore":20,"werewolves:wolfsbane":1,"biomesoplenty:lavender":5,"minecraft:andesite":8,"biomesoplenty:sea_oats":7,"werewolves:stone_altar_fire_bowl":2,"minecraft:deepslate_iron_ore":3,"travelersbackpack:yellow_sleeping_bag":3,"minecraft:vine":2,"minecraft:iron_bars":2,"minecraft:stone":121,"werewolves:stone_altar":1,"minecraft:dandelion":1,"minecraft:crafting_table":2,"minecraft:torch":8,"minecraft:tall_grass":13,"minecraft:deepslate_gold_ore":2,"biomesoplenty:huge_clover_petal":1,"minecraft:sugar_cane":4,"minecraft:diorite":4,"biomesoplenty:red_maple_leaf_pile":1,"minecraft:wheat":18,"minecraft:sweet_berry_bush":10,"biomesoplenty:fir_log":47,"minecraft:wither_rose":1,"minecraft:grass":64,"minecraft:oak_log":5,"minecraft:coal_ore":91,"biomesoplenty:fir_leaves":8,"minecraft:sand":71,"minecraft:gravel":1,"minecraft:dirt":13,"minecraft:cobweb":4,"minecraft:deepslate":4,"minecraft:gold_ore":12,"minecraft:mossy_stone_bricks":1,"minecraft:oak_leaves":1,"werewolves:silver_ore":1,"minecraft:fern":7},"minecraft:used":{"minecraft:flint_and_steel":1,"minecraft:chest":8,"minecraft:shield":17,"minecraft:iron_sword":296,"minecraft:cooked_salmon":1,"minecraft:cooked_chicken":14,"werewolves:human_werewolf_spawn_egg":2,"minecraft:rotten_flesh":5,"minecraft:stone_hoe":27,"minecraft:iron_chestplate":1,"minecraft:torch":63,"minecraft:dirt":201,"minecraft:milk_bucket":1,"minecraft:wooden_axe":47,"alexsmobs:lobster_tail":1,"werewolves:stone_altar":2,"minecraft:iron_axe":100,"minecraft:grass_block":31,"minecraft:iron_helmet":1,"minecraft:iron_boots":1,"minecraft:sweet_berries":28,"minecraft:furnace":6,"minecraft:cooked_beef":14,"minecraft:cobbled_deepslate":1,"biomesoplenty:fir_fence":27,"minecraft:iron_leggings":2,"minecraft:wheat_seeds":43,"minecraft:cooked_mutton":30,"minecraft:water_bucket":14,"minecraft:cow_spawn_egg":8,"minecraft:stone_pickaxe":80,"biomesoplenty:fir_planks":3,"biomesoplenty:fir_boat":3,"minecraft:sugar_cane":7,"minecraft:sand":1,"minecraft:crafting_table":4,"minecraft:white_bed":6,"minecraft:iron_pickaxe":213,"werewolves:stone_altar_fire_bowl":6,"minecraft:stone_axe":22,"travelersbackpack:standard":5,"minecraft:cooked_porkchop":3,"minecraft:bucket":19,"alexsmobs:animal_dictionary":2,"minecraft:cobweb":4,"travelersbackpack:yellow_sleeping_bag":2},"minecraft:picked_up":{"minecraft:wooden_axe":1,"minecraft:fishing_rod":2,"minecraft:crafting_table":3,"minecraft:iron_chestplate":5,"minecraft:wheat":32,"minecraft:chicken":38,"minecraft:wither_rose":4,"minecraft:shield":1,"iceandfire:manuscript":16,"minecraft:string":15,"minecraft:iron_axe":1,"minecraft:cooked_salmon":12,"minecraft:flint_and_steel":1,"minecraft:iron_leggings":1,"minecraft:gold_nugget":46,"minecraft:cobbled_deepslate":5,"biomesoplenty:fir_planks":6,"minecraft:beef":21,"minecraft:iron_pickaxe":2,"alexsmobs:raccoon_tail":1,"minecraft:sugar_cane":7,"minecraft:iron_boots":3,"minecraft:egg":13,"minecraft:stick":20,"minecraft:raw_iron":27,"travelersbackpack:yellow_sleeping_bag":2,"minecraft:oak_fence":3,"minecraft:torch":39,"werewolves:liver":5,"minecraft:spruce_stairs":2,"minecraft:porkchop":29,"werewolves:raw_silver":1,"werewolves:wolfsbane":2,"werewolves:stone_altar_fire_bowl":2,"minecraft:diorite":3,"vampirism:vampire_fang":1,"iceandfire:silver_ingot":4,"minecraft:rotten_flesh":9,"minecraft:arrow":5,"biomesoplenty:jacaranda_log":12,"minecraft:iron_block":4,"vampirism:heart_seeker_enhanced":1,"minecraft:blaze_rod":5,"minecraft:mutton":35,"minecraft:iron_bars":1,"alexsmobs:lobster_tail":1,"minecraft:skeleton_skull":1,"minecraft:white_wool":26,"minecraft:cobblestone":348,"biomesoplenty:lavender":10,"vampirism:vampire_book":1,"minecraft:feather":43,"vampirism:vampire_blood_bottle":1,"minecraft:cooked_beef":1,"minecraft:water_bucket":1,"minecraft:andesite":3,"minecraft:leather":13,"minecraft:golden_leggings":3,"minecraft:red_mushroom":2,"biomesoplenty:fir_sapling":10,"biomesoplenty:fir_log":85,"minecraft:oak_log":5,"iceandfire:ectoplasm":3,"minecraft:gunpowder":2,"minecraft:dirt":289,"minecraft:cooked_mutton":34,"minecraft:bone":4,"minecraft:bow":1,"minecraft:wheat_seeds":76,"biomesoplenty:fir_boat":4,"minecraft:raw_gold":13,"minecraft:heart_of_the_sea":2,"minecraft:iron_ingot":12,"minecraft:stone_pickaxe":5,"minecraft:cooked_chicken":11,"minecraft:cobweb":7,"minecraft:mossy_stone_bricks":2,"minecraft:iron_sword":8,"biomesoplenty:toadstool":5,"werewolves:stone_altar":1,"minecraft:sweet_berries":21,"minecraft:dandelion":1,"minecraft:gravel":6,"minecraft:sand":87,"minecraft:white_bed":10,"minecraft:spider_eye":1,"alexsmobs:animal_dictionary":3,"minecraft:diamond":9,"minecraft:stone_axe":3,"minecraft:iron_helmet":2,"minecraft:chainmail_helmet":2,"iceandfire:troll_leather_forest":3,"werewolves:cracked_bone":14,"minecraft:oak_sapling":2,"minecraft:coal":155,"iceandfire:raw_silver":10},"minecraft:broken":{"minecraft:golden_leggings":1,"minecraft:wooden_axe":1},"minecraft:killed":{"vampirism:vampire":4,"alexsmobs:lobster":2,"vampirism:advanced_vampire":1,"alexsmobs:raccoon":1,"minecraft:spider":6,"minecraft:skeleton":4,"werewolves:werewolf_beast":1,"minecraft:chicken":36,"minecraft:drowned":2,"minecraft:pig":15,"alexsmobs:seal":3,"minecraft:creeper":2,"minecraft:sheep":19,"alexsmobs:gelada_monkey":1,"minecraft:zombie":12,"iceandfire:ghost":3,"alexsmobs:fly":1,"minecraft:cow":9},"minecraft:crafted":{"minecraft:oak_planks":20,"werewolves:stone_altar_fire_bowl":4,"minecraft:cooked_chicken":16,"travelersbackpack:yellow_sleeping_bag":1,"minecraft:furnace":6,"minecraft:stone":58,"minecraft:cooked_mutton":6,"minecraft:glass":12,"travelersbackpack:white_sleeping_bag":1,"minecraft:iron_axe":1,"minecraft:stone_pickaxe":1,"minecraft:chest":1,"minecraft:stone_bricks":56,"minecraft:cooked_beef":2,"biomesoplenty:fir_boat":1,"biomesoplenty:jacaranda_planks":16,"minecraft:cooked_porkchop":3,"minecraft:crafting_table":3,"travelersbackpack:backpack_tank":2,"travelersbackpack:standard":1,"werewolves:stone_altar":1,"minecraft:stone_axe":2,"minecraft:air":0,"biomesoplenty:fir_planks":32,"minecraft:yellow_dye":1,"minecraft:white_wool":1,"minecraft:charcoal":9,"minecraft:shield":1,"minecraft:stick":28,"minecraft:iron_ingot":10,"minecraft:iron_pickaxe":2,"minecraft:iron_leggings":1,"minecraft:gold_ingot":2,"minecraft:torch":88,"vampirism:heart_seeker_enhanced":1},"minecraft:dropped":{"minecraft:iron_ingot":5,"minecraft:iron_sword":5,"minecraft:cooked_beef":64,"biomesoplenty:lavender":1,"minecraft:cobblestone":141,"minecraft:spruce_stairs":1,"minecraft:dirt":206,"minecraft:torch":24,"werewolves:cracked_bone":7,"werewolves:liver":4,"werewolves:wolfsbane":1,"biomesoplenty:fir_fence":1,"minecraft:white_wool":4,"iceandfire:troll_leather_forest":3,"minecraft:rotten_flesh":1,"minecraft:cooked_mutton":15,"minecraft:filled_map":1,"vampirism:vampire_fang":1,"minecraft:iron_chestplate":1,"minecraft:oak_sapling":2,"minecraft:iron_bars":1,"minecraft:stone_pickaxe":2},"minecraft:killed_by":{"vampirism:advanced_vampire":1,"iceandfire:cyclops":1,"iceandfire:ghost":1,"iceandfire:fire_dragon":1},"minecraft:custom":{"minecraft:mob_kills":125,"minecraft:animals_bred":12,"minecraft:interact_with_crafting_table":30,"minecraft:damage_dealt_resisted":718,"minecraft:leave_game":6,"werewolves:action_used_human_form":14,"minecraft:time_since_death":89778,"minecraft:climb_one_cm":1059,"minecraft:sprint_one_cm":466470,"minecraft:walk_one_cm":765871,"minecraft:damage_blocked_by_shield":1010,"minecraft:drop":81,"vampirism:skills_unlocked":4,"minecraft:play_time":388593,"minecraft:sneak_time":3379,"minecraft:deaths":5,"minecraft:walk_under_water_one_cm":10254,"minecraft:boat_one_cm":240444,"minecraft:jump":6132,"minecraft:walk_on_water_one_cm":51146,"minecraft:total_world_time":388593,"minecraft:interact_with_furnace":59,"werewolves:action_time_human_form":19846,"minecraft:sleep_in_bed":18,"vampirism:actions_used":14,"minecraft:time_since_rest":46778,"minecraft:damage_taken":5060,"minecraft:trigger_trapped_chest":4,"minecraft:damage_dealt":15332,"minecraft:swim_one_cm":13026,"minecraft:fly_one_cm":1747395,"minecraft:open_chest":133,"minecraft:crouch_one_cm":4408,"minecraft:fall_one_cm":170326}},"DataVersion":3465}