{"stats":{"minecraft:crafted":{"minecraft:oak_planks":20,"werewolves:stone_altar_fire_bowl":4,"minecraft:cooked_chicken":16,"travelersbackpack:yellow_sleeping_bag":1,"minecraft:furnace":6,"minecraft:stone":58,"minecraft:cooked_mutton":6,"minecraft:glass":12,"travelersbackpack:white_sleeping_bag":1,"minecraft:iron_axe":1,"minecraft:stone_pickaxe":1,"minecraft:chest":1,"alexsmobs:flying_fish_boots":1,"minecraft:stone_bricks":56,"minecraft:cooked_beef":6,"biomesoplenty:fir_boat":1,"biomesoplenty:jacaranda_planks":16,"minecraft:cooked_porkchop":3,"minecraft:crafting_table":3,"travelersbackpack:backpack_tank":2,"travelersbackpack:standard":1,"werewolves:stone_altar":1,"minecraft:stone_axe":2,"minecraft:air":0,"biomesoplenty:fir_planks":32,"minecraft:white_wool":1,"minecraft:yellow_dye":1,"minecraft:charcoal":9,"minecraft:shield":1,"minecraft:stick":28,"minecraft:iron_ingot":10,"minecraft:iron_pickaxe":2,"minecraft:iron_leggings":1,"minecraft:gold_ingot":2,"minecraft:torch":88,"vampirism:heart_seeker_enhanced":1},"minecraft:broken":{"minecraft:iron_boots":1,"minecraft:iron_chestplate":1,"minecraft:chainmail_helmet":1,"minecraft:golden_leggings":1,"minecraft:iron_axe":1,"minecraft:wooden_axe":1},"minecraft:custom":{"minecraft:mob_kills":260,"minecraft:animals_bred":18,"minecraft:interact_with_crafting_table":33,"minecraft:open_barrel":1,"werewolves:action_time_rage":5513,"minecraft:damage_dealt_resisted":2043,"minecraft:leave_game":10,"werewolves:action_used_human_form":30,"minecraft:time_since_death":2628,"minecraft:climb_one_cm":1059,"minecraft:sprint_one_cm":685094,"minecraft:walk_one_cm":1206744,"minecraft:damage_blocked_by_shield":1175,"minecraft:drop":170,"vampirism:interact_with_coffin":13,"vampirism:skills_unlocked":24,"minecraft:play_time":589186,"minecraft:sneak_time":6320,"minecraft:deaths":9,"minecraft:walk_under_water_one_cm":26661,"minecraft:boat_one_cm":370645,"minecraft:jump":9677,"minecraft:walk_on_water_one_cm":99174,"minecraft:total_world_time":589186,"vampirism:blood_drunk":17200,"minecraft:interact_with_furnace":63,"werewolves:action_time_human_form":94488,"minecraft:sleep_in_bed":21,"vampirism:actions_used":41,"minecraft:time_since_rest":2668,"minecraft:damage_taken":11843,"minecraft:trigger_trapped_chest":4,"werewolves:action_time_beast_form":8872,"werewolves:action_used_beast_form":4,"minecraft:damage_dealt":43485,"werewolves:action_used_rage":7,"minecraft:swim_one_cm":40913,"minecraft:fly_one_cm":2660079,"minecraft:open_chest":165,"minecraft:crouch_one_cm":5511,"minecraft:fall_one_cm":245297},"minecraft:used":{"minecraft:flint_and_steel":19,"minecraft:chest":10,"minecraft:shield":19,"minecraft:cooked_salmon":1,"werewolves:human_werewolf_spawn_egg":2,"minecraft:iron_sword":710,"minecraft:zombie_spawn_egg":7,"minecraft:cooked_chicken":14,"minecraft:rotten_flesh":28,"minecraft:stone_hoe":27,"minecraft:iron_chestplate":1,"minecraft:torch":87,"minecraft:dirt":223,"minecraft:mutton":2,"minecraft:milk_bucket":1,"minecraft:wooden_axe":47,"minecraft:chicken_spawn_egg":26,"werewolves:stone_altar":8,"alexsmobs:lobster_tail":1,"minecraft:iron_helmet":2,"minecraft:iron_axe":260,"minecraft:grass_block":40,"minecraft:iron_boots":2,"werewolves:wolf_berries":23,"minecraft:sweet_berries":28,"minecraft:furnace":6,"minecraft:cooked_beef":72,"biomesoplenty:fir_fence":38,"minecraft:cobbled_deepslate":3,"minecraft:iron_leggings":2,"minecraft:wheat_seeds":58,"minecraft:cooked_mutton":30,"minecraft:water_bucket":15,"minecraft:cow_spawn_egg":11,"minecraft:stone_pickaxe":80,"alexsmobs:flying_fish_boots":1,"vampirism:human_heart":8,"biomesoplenty:fir_planks":3,"biomesoplenty:fir_boat":4,"minecraft:sugar_cane":7,"minecraft:sand":1,"minecraft:crafting_table":4,"minecraft:spider_eye":2,"minecraft:white_bed":8,"alexsmobs:flying_fish":1,"minecraft:iron_pickaxe":216,"werewolves:stone_altar_fire_bowl":7,"werewolves:liver":2,"minecraft:stone_axe":22,"minecraft:diamond_sword":28,"minecraft:cobblestone":184,"travelersbackpack:standard":5,"minecraft:porkchop":2,"minecraft:cooked_porkchop":3,"minecraft:bucket":20,"biomesoplenty:fir_log":7,"travelersbackpack:yellow_sleeping_bag":2,"alexsmobs:animal_dictionary":2,"minecraft:cobweb":4,"minecraft:experience_bottle":64},"minecraft:dropped":{"minecraft:water_bucket":1,"minecraft:iron_ingot":9,"minecraft:iron_sword":7,"minecraft:wheat_seeds":29,"minecraft:cooked_beef":66,"vampirism:human_heart":1,"vampirism:vampire_book":1,"biomesoplenty:lavender":1,"minecraft:iron_helmet":2,"minecraft:cobblestone":1421,"minecraft:leather":4,"werewolves:werewolf_tooth":7,"minecraft:spruce_stairs":1,"minecraft:red_mushroom":2,"minecraft:dirt":207,"minecraft:torch":24,"minecraft:mutton":1,"werewolves:cracked_bone":35,"werewolves:pelt":2,"minecraft:iron_leggings":2,"werewolves:liver":48,"minecraft:sand":22,"minecraft:iron_axe":1,"werewolves:wolfsbane":1,"minecraft:iron_pickaxe":1,"biomesoplenty:fir_fence":1,"minecraft:white_wool":4,"werewolves:dark_pelt":4,"minecraft:raw_iron":3,"minecraft:rotten_flesh":1,"iceandfire:troll_leather_forest":3,"minecraft:iron_boots":2,"minecraft:cooked_mutton":15,"minecraft:flint_and_steel":3,"minecraft:filled_map":1,"werewolves:stone_altar":1,"werewolves:bone_necklace":1,"vampirism:vampire_fang":1,"minecraft:iron_chestplate":3,"minecraft:oak_sapling":2,"minecraft:iron_bars":1,"minecraft:stone_pickaxe":2},"minecraft:mined":{"minecraft:white_bed":5,"iceandfire:silver_ore":9,"werewolves:wolf_berry_bush":19,"minecraft:deepslate_diamond_ore":1,"minecraft:grass_block":19,"minecraft:spruce_leaves":10,"biomesoplenty:dune_grass":5,"minecraft:large_fern":8,"minecraft:hay_block":11,"biomesoplenty:toadstool":1,"minecraft:iron_ore":20,"minecraft:fire":5,"biomesoplenty:lavender":7,"werewolves:wolfsbane":1,"minecraft:andesite":8,"biomesoplenty:sea_oats":7,"werewolves:stone_altar_fire_bowl":4,"minecraft:vine":2,"travelersbackpack:yellow_sleeping_bag":3,"minecraft:deepslate_iron_ore":3,"minecraft:iron_bars":2,"minecraft:stone":121,"werewolves:stone_altar":6,"minecraft:dandelion":1,"minecraft:crafting_table":2,"minecraft:torch":10,"minecraft:tall_grass":22,"minecraft:deepslate_gold_ore":2,"biomesoplenty:huge_clover_petal":1,"minecraft:sugar_cane":4,"minecraft:diorite":4,"minecraft:sweet_berry_bush":10,"minecraft:wheat":33,"biomesoplenty:red_maple_leaf_pile":1,"biomesoplenty:fir_log":47,"minecraft:wither_rose":1,"minecraft:grass":234,"minecraft:coal_ore":91,"minecraft:oak_log":5,"biomesoplenty:fir_leaves":8,"minecraft:gravel":1,"minecraft:sand":71,"minecraft:dirt":27,"minecraft:cobweb":4,"minecraft:gold_ore":12,"minecraft:mossy_stone_bricks":1,"minecraft:deepslate":4,"minecraft:oak_leaves":1,"werewolves:silver_ore":1,"minecraft:fern":9},"minecraft:picked_up":{"minecraft:wooden_axe":1,"minecraft:fishing_rod":2,"minecraft:iron_chestplate":11,"minecraft:crafting_table":6,"minecraft:wheat":60,"minecraft:chicken":148,"minecraft:diamond_sword":1,"minecraft:wither_rose":4,"biomesoplenty:tall_lavender":2,"travelersbackpack:spider":2,"minecraft:shield":5,"iceandfire:manuscript":16,"minecraft:string":46,"minecraft:cooked_salmon":12,"minecraft:iron_axe":4,"minecraft:flint_and_steel":6,"minecraft:iron_leggings":7,"werewolves:wolf_berries":58,"vampirism:obi_belt":4,"minecraft:gold_nugget":46,"minecraft:cobbled_deepslate":5,"biomesoplenty:fir_planks":6,"minecraft:beef":27,"werewolves:bone_necklace":1,"minecraft:iron_pickaxe":9,"alexsmobs:raccoon_tail":1,"werewolves:pelt":4,"minecraft:sugar_cane":7,"minecraft:iron_boots":9,"minecraft:egg":13,"minecraft:raw_iron":27,"minecraft:stick":20,"travelersbackpack:yellow_sleeping_bag":2,"minecraft:oak_fence":3,"minecraft:torch":107,"werewolves:liver":136,"minecraft:spruce_stairs":2,"minecraft:porkchop":29,"werewolves:raw_silver":1,"werewolves:wolfsbane":2,"werewolves:stone_altar_fire_bowl":3,"werewolves:dark_pelt":4,"vampirism:vampire_fang":5,"minecraft:diorite":3,"iceandfire:silver_ingot":4,"minecraft:arrow":38,"minecraft:rotten_flesh":60,"biomesoplenty:jacaranda_log":12,"alexsmobs:flying_fish_boots":2,"minecraft:iron_block":4,"alexsmobs:flying_fish":3,"minecraft:blaze_rod":5,"minecraft:white_wool":26,"minecraft:mutton":36,"minecraft:iron_bars":1,"minecraft:skeleton_skull":1,"vampirism:heart_seeker_enhanced":1,"alexsmobs:lobster_tail":1,"minecraft:cobblestone":1628,"biomesoplenty:lavender":17,"vampirism:vampire_book":2,"minecraft:feather":151,"vampirism:vampire_blood_bottle":1,"minecraft:cooked_beef":66,"minecraft:water_bucket":5,"minecraft:andesite":3,"minecraft:leather":33,"minecraft:golden_leggings":3,"minecraft:red_mushroom":8,"biomesoplenty:fir_sapling":10,"biomesoplenty:fir_log":85,"minecraft:oak_log":5,"werewolves:werewolf_tooth":7,"iceandfire:ectoplasm":3,"minecraft:gunpowder":4,"minecraft:dirt":327,"minecraft:cooked_mutton":34,"minecraft:bone":16,"vampirism:human_heart":10,"minecraft:bow":2,"minecraft:wheat_seeds":146,"biomesoplenty:fir_boat":4,"minecraft:raw_gold":13,"minecraft:heart_of_the_sea":2,"minecraft:iron_ingot":15,"minecraft:stone_pickaxe":5,"minecraft:cooked_chicken":11,"minecraft:cobweb":7,"minecraft:mossy_stone_bricks":2,"vampirism:holy_water_bottle_ultimate":2,"minecraft:iron_sword":13,"biomesoplenty:toadstool":5,"werewolves:stone_altar":7,"minecraft:sweet_berries":21,"minecraft:dandelion":1,"minecraft:gravel":6,"minecraft:sand":109,"minecraft:spruce_sapling":4,"minecraft:ink_sac":30,"minecraft:white_bed":10,"minecraft:spider_eye":3,"alexsmobs:animal_dictionary":3,"minecraft:diamond":9,"minecraft:stone_axe":3,"minecraft:iron_helmet":7,"alexsmobs:maggot":1,"minecraft:emerald":6,"minecraft:chainmail_helmet":2,"werewolves:cracked_bone":102,"iceandfire:troll_leather_forest":3,"minecraft:oak_sapling":2,"minecraft:coal":155,"iceandfire:raw_silver":10},"minecraft:killed_by":{"vampirism:advanced_vampire":1,"iceandfire:cyclops":1,"minecraft:spider":1,"iceandfire:ghost":1,"vampirism:hunter":2,"iceandfire:fire_dragon":2},"minecraft:killed":{"vampirism:vampire":7,"alexsmobs:lobster":2,"vampirism:advanced_vampire":1,"alexsmobs:raccoon":1,"minecraft:spider":15,"minecraft:phantom":2,"vampirism:blinding_bat":1,"minecraft:horse":3,"minecraft:skeleton":9,"werewolves:werewolf_beast":11,"minecraft:chicken":59,"vampirism:advanced_hunter":2,"minecraft:drowned":2,"alexsmobs:flying_fish":2,"minecraft:pig":15,"alexsmobs:seal":3,"minecraft:creeper":3,"vampirism:hunter":21,"minecraft:sheep":19,"alexsmobs:gelada_monkey":1,"minecraft:zombie":55,"iceandfire:ghost":3,"alexsmobs:fly":1,"werewolves:werewolf_survivalist":6,"minecraft:cow":13}},"DataVersion":3465}