{"stats":{"minecraft:broken":{"minecraft:wooden_axe":1},"minecraft:mined":{"minecraft:white_bed":5,"iceandfire:silver_ore":3,"minecraft:grass_block":7,"biomesoplenty:dune_grass":5,"minecraft:hay_block":11,"biomesoplenty:toadstool":1,"minecraft:iron_ore":12,"werewolves:wolfsbane":1,"biomesoplenty:lavender":5,"minecraft:andesite":5,"biomesoplenty:sea_oats":7,"travelersbackpack:yellow_sleeping_bag":2,"minecraft:vine":2,"minecraft:iron_bars":2,"minecraft:stone":50,"minecraft:dandelion":1,"minecraft:crafting_table":1,"minecraft:torch":3,"minecraft:tall_grass":12,"biomesoplenty:huge_clover_petal":1,"minecraft:sugar_cane":4,"biomesoplenty:fir_log":18,"minecraft:wither_rose":1,"minecraft:grass":32,"minecraft:oak_log":5,"minecraft:coal_ore":47,"biomesoplenty:fir_leaves":7,"minecraft:gravel":1,"minecraft:sand":71,"minecraft:dirt":2,"minecraft:cobweb":4,"minecraft:mossy_stone_bricks":1,"werewolves:silver_ore":1,"minecraft:fern":5},"minecraft:custom":{"minecraft:mob_kills":39,"minecraft:animals_bred":1,"minecraft:interact_with_crafting_table":17,"minecraft:leave_game":3,"minecraft:time_since_death":92146,"minecraft:climb_one_cm":1059,"minecraft:sprint_one_cm":223462,"minecraft:walk_one_cm":417720,"minecraft:drop":67,"minecraft:play_time":206386,"minecraft:deaths":4,"minecraft:sneak_time":2457,"minecraft:walk_under_water_one_cm":6783,"minecraft:boat_one_cm":208854,"minecraft:jump":2863,"minecraft:walk_on_water_one_cm":21086,"minecraft:total_world_time":206386,"minecraft:interact_with_furnace":14,"minecraft:sleep_in_bed":11,"minecraft:time_since_rest":21298,"minecraft:damage_taken":2470,"minecraft:trigger_trapped_chest":4,"minecraft:damage_dealt":6197,"minecraft:swim_one_cm":8576,"minecraft:fly_one_cm":935720,"minecraft:open_chest":56,"minecraft:crouch_one_cm":3806,"minecraft:fall_one_cm":86419},"minecraft:crafted":{"minecraft:oak_planks":20,"travelersbackpack:yellow_sleeping_bag":1,"minecraft:furnace":4,"minecraft:cooked_mutton":4,"minecraft:glass":12,"travelersbackpack:white_sleeping_bag":1,"minecraft:iron_axe":1,"minecraft:stone_pickaxe":1,"minecraft:chest":1,"minecraft:cooked_beef":2,"biomesoplenty:jacaranda_planks":4,"minecraft:crafting_table":2,"travelersbackpack:backpack_tank":2,"travelersbackpack:standard":1,"minecraft:stone_axe":2,"minecraft:air":0,"biomesoplenty:fir_planks":16,"minecraft:white_wool":1,"minecraft:yellow_dye":1,"minecraft:stick":24,"minecraft:iron_pickaxe":1,"minecraft:gold_ingot":2,"minecraft:torch":88},"minecraft:used":{"minecraft:chest":8,"minecraft:iron_sword":90,"minecraft:cooked_salmon":1,"minecraft:stone_hoe":27,"werewolves:human_werewolf_spawn_egg":2,"minecraft:iron_chestplate":1,"minecraft:torch":41,"minecraft:dirt":200,"minecraft:milk_bucket":1,"minecraft:wooden_axe":47,"alexsmobs:lobster_tail":1,"minecraft:iron_axe":7,"minecraft:grass_block":31,"minecraft:iron_helmet":1,"minecraft:iron_boots":1,"minecraft:furnace":4,"minecraft:cooked_beef":3,"biomesoplenty:fir_fence":27,"minecraft:wheat_seeds":24,"minecraft:cooked_mutton":22,"minecraft:water_bucket":3,"minecraft:cow_spawn_egg":3,"minecraft:stone_pickaxe":80,"biomesoplenty:fir_boat":1,"minecraft:sugar_cane":7,"minecraft:sand":1,"minecraft:crafting_table":3,"minecraft:white_bed":6,"minecraft:iron_pickaxe":53,"minecraft:stone_axe":22,"travelersbackpack:standard":4,"minecraft:bucket":8,"alexsmobs:animal_dictionary":2,"travelersbackpack:yellow_sleeping_bag":2,"minecraft:cobweb":4},"minecraft:picked_up":{"minecraft:wooden_axe":1,"minecraft:fishing_rod":2,"minecraft:crafting_table":2,"minecraft:iron_chestplate":4,"minecraft:wheat":14,"minecraft:chicken":2,"minecraft:wither_rose":4,"minecraft:string":12,"iceandfire:manuscript":16,"minecraft:cooked_salmon":12,"minecraft:gold_nugget":46,"biomesoplenty:fir_planks":6,"minecraft:beef":17,"minecraft:sugar_cane":7,"minecraft:iron_boots":2,"minecraft:egg":1,"minecraft:stick":20,"minecraft:raw_iron":16,"travelersbackpack:yellow_sleeping_bag":2,"minecraft:torch":3,"minecraft:spruce_stairs":2,"minecraft:porkchop":2,"werewolves:raw_silver":1,"werewolves:wolfsbane":2,"vampirism:vampire_fang":1,"minecraft:rotten_flesh":3,"iceandfire:silver_ingot":4,"biomesoplenty:jacaranda_log":12,"minecraft:iron_block":4,"minecraft:blaze_rod":5,"minecraft:mutton":11,"minecraft:iron_bars":1,"alexsmobs:lobster_tail":1,"minecraft:skeleton_skull":1,"minecraft:white_wool":10,"minecraft:cobblestone":251,"biomesoplenty:lavender":10,"minecraft:cooked_beef":1,"minecraft:leather":10,"minecraft:golden_leggings":3,"biomesoplenty:fir_sapling":10,"biomesoplenty:fir_log":58,"minecraft:oak_log":5,"iceandfire:ectoplasm":3,"minecraft:gunpowder":2,"minecraft:dirt":280,"minecraft:cooked_mutton":34,"minecraft:bone":1,"minecraft:wheat_seeds":10,"biomesoplenty:fir_boat":2,"minecraft:heart_of_the_sea":2,"minecraft:iron_ingot":12,"minecraft:stone_pickaxe":5,"minecraft:cobweb":7,"minecraft:mossy_stone_bricks":2,"minecraft:iron_sword":3,"biomesoplenty:toadstool":4,"minecraft:dandelion":1,"minecraft:gravel":2,"minecraft:sand":87,"minecraft:white_bed":10,"alexsmobs:animal_dictionary":3,"minecraft:diamond":8,"minecraft:stone_axe":3,"minecraft:iron_helmet":2,"minecraft:chainmail_helmet":1,"werewolves:cracked_bone":1,"minecraft:oak_sapling":2,"iceandfire:raw_silver":3,"minecraft:coal":111},"minecraft:dropped":{"minecraft:iron_ingot":5,"minecraft:iron_sword":1,"biomesoplenty:lavender":1,"minecraft:cobblestone":141,"minecraft:spruce_stairs":1,"minecraft:dirt":206,"minecraft:torch":24,"werewolves:wolfsbane":1,"biomesoplenty:fir_fence":1,"minecraft:white_wool":4,"minecraft:cooked_mutton":14,"minecraft:filled_map":1,"minecraft:iron_chestplate":1,"minecraft:oak_sapling":2,"minecraft:iron_bars":1,"minecraft:stone_pickaxe":2},"minecraft:killed_by":{"iceandfire:cyclops":1,"iceandfire:ghost":1,"iceandfire:fire_dragon":1},"minecraft:killed":{"vampirism:vampire":2,"alexsmobs:lobster":2,"minecraft:spider":4,"minecraft:skeleton":1,"werewolves:werewolf_beast":1,"minecraft:chicken":2,"minecraft:drowned":2,"minecraft:pig":2,"alexsmobs:seal":3,"minecraft:creeper":2,"minecraft:sheep":3,"minecraft:zombie":2,"iceandfire:ghost":3,"minecraft:cow":7}},"DataVersion":3465}