{"stats":{"minecraft:mined":{"minecraft:white_bed":5,"iceandfire:silver_ore":3,"minecraft:grass_block":10,"biomesoplenty:dune_grass":5,"minecraft:hay_block":11,"biomesoplenty:toadstool":1,"minecraft:iron_ore":12,"werewolves:wolfsbane":1,"biomesoplenty:lavender":5,"minecraft:andesite":6,"biomesoplenty:sea_oats":7,"werewolves:stone_altar_fire_bowl":2,"travelersbackpack:yellow_sleeping_bag":2,"minecraft:vine":2,"minecraft:iron_bars":2,"minecraft:stone":89,"minecraft:dandelion":1,"minecraft:crafting_table":1,"minecraft:torch":3,"minecraft:tall_grass":12,"biomesoplenty:huge_clover_petal":1,"minecraft:sugar_cane":4,"biomesoplenty:fir_log":18,"minecraft:wither_rose":1,"minecraft:grass":36,"minecraft:oak_log":5,"minecraft:coal_ore":63,"biomesoplenty:fir_leaves":7,"minecraft:gravel":1,"minecraft:sand":71,"minecraft:dirt":12,"minecraft:cobweb":4,"minecraft:mossy_stone_bricks":1,"werewolves:silver_ore":1,"minecraft:fern":5},"minecraft:used":{"minecraft:chest":8,"minecraft:iron_sword":115,"minecraft:cooked_salmon":1,"minecraft:stone_hoe":27,"werewolves:human_werewolf_spawn_egg":2,"minecraft:iron_chestplate":1,"minecraft:torch":43,"minecraft:dirt":201,"minecraft:milk_bucket":1,"minecraft:wooden_axe":47,"alexsmobs:lobster_tail":1,"werewolves:stone_altar":1,"minecraft:iron_axe":7,"minecraft:grass_block":31,"minecraft:iron_helmet":1,"minecraft:iron_boots":1,"minecraft:furnace":4,"minecraft:cooked_beef":3,"biomesoplenty:fir_fence":27,"minecraft:wheat_seeds":24,"minecraft:cooked_mutton":30,"minecraft:water_bucket":8,"minecraft:cow_spawn_egg":3,"minecraft:stone_pickaxe":80,"biomesoplenty:fir_boat":1,"minecraft:sugar_cane":7,"minecraft:sand":1,"minecraft:crafting_table":3,"minecraft:white_bed":6,"werewolves:stone_altar_fire_bowl":6,"minecraft:iron_pickaxe":111,"minecraft:stone_axe":22,"travelersbackpack:standard":4,"minecraft:cooked_porkchop":1,"minecraft:bucket":13,"alexsmobs:animal_dictionary":2,"minecraft:cobweb":4,"travelersbackpack:yellow_sleeping_bag":2},"minecraft:picked_up":{"minecraft:wooden_axe":1,"minecraft:fishing_rod":2,"minecraft:crafting_table":2,"minecraft:iron_chestplate":4,"minecraft:wheat":14,"minecraft:chicken":14,"minecraft:wither_rose":4,"minecraft:string":12,"iceandfire:manuscript":16,"minecraft:cooked_salmon":12,"minecraft:gold_nugget":46,"biomesoplenty:fir_planks":6,"minecraft:beef":17,"alexsmobs:raccoon_tail":1,"minecraft:sugar_cane":7,"minecraft:iron_boots":2,"minecraft:egg":7,"minecraft:stick":20,"minecraft:raw_iron":16,"travelersbackpack:yellow_sleeping_bag":2,"minecraft:torch":6,"minecraft:spruce_stairs":2,"minecraft:porkchop":5,"werewolves:raw_silver":1,"werewolves:stone_altar_fire_bowl":2,"werewolves:wolfsbane":2,"vampirism:vampire_fang":1,"minecraft:rotten_flesh":3,"iceandfire:silver_ingot":4,"biomesoplenty:jacaranda_log":12,"minecraft:iron_block":4,"minecraft:blaze_rod":5,"minecraft:mutton":13,"minecraft:iron_bars":1,"alexsmobs:lobster_tail":1,"minecraft:skeleton_skull":1,"minecraft:white_wool":11,"minecraft:cobblestone":288,"biomesoplenty:lavender":10,"minecraft:feather":19,"minecraft:cooked_beef":1,"minecraft:andesite":1,"minecraft:leather":10,"minecraft:golden_leggings":3,"biomesoplenty:fir_sapling":10,"biomesoplenty:fir_log":58,"minecraft:oak_log":5,"iceandfire:ectoplasm":3,"minecraft:gunpowder":2,"minecraft:dirt":285,"minecraft:cooked_mutton":34,"minecraft:bone":1,"minecraft:wheat_seeds":10,"biomesoplenty:fir_boat":2,"minecraft:heart_of_the_sea":2,"minecraft:iron_ingot":12,"minecraft:stone_pickaxe":5,"minecraft:cobweb":7,"minecraft:mossy_stone_bricks":2,"minecraft:iron_sword":4,"biomesoplenty:toadstool":4,"minecraft:dandelion":1,"minecraft:gravel":2,"minecraft:sand":87,"minecraft:white_bed":10,"alexsmobs:animal_dictionary":3,"minecraft:diamond":8,"minecraft:stone_axe":3,"minecraft:iron_helmet":2,"minecraft:chainmail_helmet":1,"werewolves:cracked_bone":1,"minecraft:oak_sapling":2,"minecraft:coal":127,"iceandfire:raw_silver":3},"minecraft:broken":{"minecraft:golden_leggings":1,"minecraft:wooden_axe":1},"minecraft:killed":{"vampirism:vampire":2,"alexsmobs:lobster":2,"alexsmobs:raccoon":1,"minecraft:spider":4,"minecraft:skeleton":1,"werewolves:werewolf_beast":1,"minecraft:chicken":14,"minecraft:drowned":2,"minecraft:pig":3,"alexsmobs:seal":3,"minecraft:creeper":2,"minecraft:sheep":4,"minecraft:zombie":2,"iceandfire:ghost":3,"minecraft:cow":7},"minecraft:crafted":{"minecraft:oak_planks":20,"werewolves:stone_altar_fire_bowl":4,"minecraft:cooked_chicken":12,"travelersbackpack:yellow_sleeping_bag":1,"minecraft:furnace":4,"minecraft:stone":58,"minecraft:cooked_mutton":6,"minecraft:glass":12,"travelersbackpack:white_sleeping_bag":1,"minecraft:iron_axe":1,"minecraft:stone_pickaxe":1,"minecraft:chest":1,"minecraft:stone_bricks":56,"minecraft:cooked_beef":2,"biomesoplenty:jacaranda_planks":8,"minecraft:cooked_porkchop":3,"minecraft:crafting_table":2,"travelersbackpack:backpack_tank":2,"travelersbackpack:standard":1,"werewolves:stone_altar":1,"minecraft:stone_axe":2,"minecraft:air":0,"biomesoplenty:fir_planks":16,"minecraft:charcoal":9,"minecraft:white_wool":1,"minecraft:yellow_dye":1,"minecraft:stick":24,"minecraft:iron_ingot":10,"minecraft:iron_pickaxe":1,"minecraft:gold_ingot":2,"minecraft:torch":88},"minecraft:dropped":{"minecraft:iron_ingot":5,"minecraft:iron_sword":2,"biomesoplenty:lavender":1,"minecraft:cobblestone":141,"minecraft:spruce_stairs":1,"minecraft:dirt":206,"minecraft:torch":24,"werewolves:wolfsbane":1,"biomesoplenty:fir_fence":1,"minecraft:white_wool":4,"minecraft:cooked_mutton":15,"minecraft:filled_map":1,"vampirism:vampire_fang":1,"minecraft:iron_chestplate":1,"minecraft:oak_sapling":2,"minecraft:iron_bars":1,"minecraft:stone_pickaxe":2},"minecraft:killed_by":{"iceandfire:cyclops":1,"iceandfire:ghost":1,"iceandfire:fire_dragon":1},"minecraft:custom":{"minecraft:mob_kills":54,"minecraft:animals_bred":3,"minecraft:interact_with_crafting_table":20,"minecraft:leave_game":3,"minecraft:time_since_death":161085,"minecraft:climb_one_cm":1059,"minecraft:sprint_one_cm":300352,"minecraft:walk_one_cm":530324,"minecraft:drop":70,"vampirism:skills_unlocked":1,"minecraft:play_time":275325,"minecraft:deaths":4,"minecraft:sneak_time":2776,"minecraft:walk_under_water_one_cm":6893,"minecraft:boat_one_cm":208854,"minecraft:jump":3769,"minecraft:walk_on_water_one_cm":25528,"minecraft:total_world_time":275325,"minecraft:interact_with_furnace":33,"minecraft:sleep_in_bed":14,"minecraft:time_since_rest":6842,"minecraft:damage_taken":2918,"minecraft:trigger_trapped_chest":4,"minecraft:damage_dealt":7149,"minecraft:swim_one_cm":8699,"minecraft:fly_one_cm":1168200,"minecraft:open_chest":66,"minecraft:crouch_one_cm":4028,"minecraft:fall_one_cm":107090}},"DataVersion":3465}