{"stats":{"minecraft:crafted":{"minecraft:oak_planks":20,"werewolves:stone_altar_fire_bowl":4,"minecraft:cooked_chicken":30,"travelersbackpack:yellow_sleeping_bag":1,"minecraft:stone":58,"minecraft:cooked_mutton":6,"minecraft:glass":12,"minecraft:chest":1,"minecraft:stone_bricks":56,"biomesoplenty:jacaranda_planks":16,"minecraft:cooked_porkchop":3,"minecraft:crafting_table":3,"travelersbackpack:standard":1,"werewolves:stone_altar":1,"biomesoplenty:fir_planks":32,"minecraft:charcoal":9,"minecraft:yellow_dye":1,"minecraft:shield":1,"minecraft:stick":28,"minecraft:iron_ingot":10,"minecraft:iron_pickaxe":2,"minecraft:gold_ingot":2,"minecraft:furnace":6,"travelersbackpack:white_sleeping_bag":1,"minecraft:iron_axe":1,"minecraft:stone_pickaxe":1,"alexsmobs:flying_fish_boots":1,"minecraft:cooked_beef":6,"biomesoplenty:fir_boat":1,"travelersbackpack:backpack_tank":2,"minecraft:stone_axe":2,"minecraft:air":0,"minecraft:white_wool":1,"minecraft:iron_leggings":1,"minecraft:torch":88,"vampirism:heart_seeker_enhanced":1},"minecraft:picked_up":{"minecraft:wooden_axe":1,"minecraft:iron_chestplate":11,"minecraft:wheat":60,"minecraft:diamond_sword":4,"minecraft:wither_rose":4,"travelersbackpack:spider":2,"minecraft:string":79,"iceandfire:manuscript":16,"minecraft:raw_copper":7,"minecraft:cooked_salmon":12,"minecraft:iron_leggings":8,"biomesoplenty:tall_lavender":2,"werewolves:wolf_berries":85,"vampirism:obi_belt":4,"minecraft:gold_nugget":46,"minecraft:cobbled_deepslate":405,"biomesoplenty:fir_planks":6,"minecraft:iron_pickaxe":9,"alexsmobs:raccoon_tail":1,"werewolves:pelt":4,"minecraft:iron_boots":9,"minecraft:stick":20,"travelersbackpack:yellow_sleeping_bag":2,"minecraft:oak_fence":3,"minecraft:torch":108,"werewolves:liver":138,"minecraft:spruce_stairs":2,"minecraft:porkchop":41,"werewolves:wolfsbane":2,"werewolves:dark_pelt":4,"minecraft:diorite":3,"vampirism:vampire_fang":5,"minecraft:rotten_flesh":68,"alexsmobs:flying_fish_boots":2,"minecraft:iron_block":4,"minecraft:blaze_rod":5,"minecraft:cod":1,"minecraft:obsidian":2,"vampirism:heart_seeker_enhanced":1,"minecraft:iron_bars":1,"alexsmobs:lobster_tail":1,"alexsmobs:flying_fish":3,"minecraft:cobblestone":1628,"biomesoplenty:lavender":20,"vampirism:vampire_book":2,"minecraft:feather":151,"minecraft:cooked_beef":66,"minecraft:water_bucket":5,"minecraft:andesite":3,"minecraft:golden_leggings":3,"biomesoplenty:fir_log":85,"biomesoplenty:fir_sapling":10,"alexsmobs:bison_fur":2,"minecraft:flint":1,"minecraft:tuff":19,"minecraft:dirt":327,"minecraft:glass":23,"minecraft:bone":21,"minecraft:bow":2,"minecraft:wheat_seeds":150,"biomesoplenty:fir_boat":4,"minecraft:raw_gold":33,"minecraft:mossy_stone_bricks":2,"biomesoplenty:toadstool":5,"minecraft:sand":154,"iceandfire:shiny_scales":5,"minecraft:ink_sac":31,"alexsmobs:animal_dictionary":3,"minecraft:diamond":12,"iceandfire:gorgon_head":1,"minecraft:emerald":6,"minecraft:chainmail_helmet":2,"iceandfire:troll_leather_forest":3,"werewolves:cracked_bone":103,"alexsmobs:maggot":1,"minecraft:oak_sapling":2,"iceandfire:silver_nugget":8,"iceandfire:raw_silver":10,"minecraft:diamond_pickaxe":2,"minecraft:fishing_rod":2,"minecraft:crafting_table":7,"minecraft:chicken":148,"gravestone:obituary":4,"minecraft:shield":5,"minecraft:iron_axe":4,"minecraft:flint_and_steel":6,"minecraft:beef":41,"werewolves:bone_necklace":2,"minecraft:sugar_cane":7,"minecraft:egg":13,"minecraft:raw_iron":37,"werewolves:raw_silver":4,"werewolves:stone_altar_fire_bowl":3,"minecraft:redstone":10,"iceandfire:silver_ingot":4,"minecraft:arrow":47,"biomesoplenty:jacaranda_log":12,"minecraft:mutton":63,"minecraft:skeleton_skull":1,"minecraft:white_wool":35,"vampirism:vampire_blood_bottle":2,"minecraft:leather":37,"minecraft:red_mushroom":8,"werewolves:dream_catcher":1,"werewolves:werewolf_tooth":7,"minecraft:oak_log":5,"iceandfire:ectoplasm":5,"minecraft:gunpowder":4,"minecraft:cooked_mutton":34,"vampirism:human_heart":10,"minecraft:heart_of_the_sea":2,"minecraft:cobweb":7,"minecraft:iron_ingot":15,"minecraft:stone_pickaxe":5,"minecraft:cooked_chicken":11,"vampirism:holy_water_bottle_ultimate":2,"minecraft:iron_sword":13,"werewolves:stone_altar":7,"minecraft:sweet_berries":21,"minecraft:dandelion":1,"minecraft:gravel":9,"minecraft:spruce_sapling":4,"minecraft:white_bed":10,"minecraft:spider_eye":5,"minecraft:stone_axe":3,"minecraft:iron_helmet":7,"minecraft:coal":155},"minecraft:broken":{"minecraft:iron_boots":1,"minecraft:iron_chestplate":1,"minecraft:golden_leggings":1,"minecraft:wooden_axe":1,"minecraft:chainmail_helmet":1,"minecraft:iron_axe":1},"minecraft:killed":{"vampirism:vampire":9,"minecraft:cave_spider":5,"alexsmobs:lobster":2,"vampirism:advanced_vampire":2,"minecraft:spider":16,"vampirism:blinding_bat":1,"minecraft:skeleton":15,"werewolves:werewolf_beast":11,"minecraft:chicken":59,"vampirism:advanced_hunter":2,"minecraft:pig":15,"alexsmobs:seal":3,"minecraft:creeper":3,"vampirism:hunter":21,"minecraft:sheep":19,"minecraft:zombie":61,"alexsmobs:terrapin":2,"alexsmobs:fly":1,"minecraft:cow":14,"werewolves:werewolf_survivalist":6,"alexsmobs:raccoon":2,"minecraft:phantom":2,"minecraft:horse":3,"minecraft:drowned":2,"alexsmobs:bison":1,"alexsmobs:flying_fish":2,"alexsmobs:gelada_monkey":1,"iceandfire:ghost":6},"minecraft:used":{"minecraft:chest":10,"minecraft:shield":19,"minecraft:iron_sword":710,"minecraft:zombie_spawn_egg":7,"minecraft:rotten_flesh":28,"werewolves:human_werewolf_spawn_egg":2,"minecraft:iron_chestplate":1,"minecraft:mutton":2,"minecraft:milk_bucket":1,"alexsmobs:lobster_tail":1,"werewolves:stone_altar":8,"minecraft:grass_block":40,"minecraft:iron_helmet":2,"minecraft:sweet_berries":28,"minecraft:furnace":6,"biomesoplenty:fir_fence":38,"minecraft:cow_spawn_egg":11,"minecraft:stone_pickaxe":80,"alexsmobs:flying_fish_boots":2,"biomesoplenty:fir_planks":3,"vampirism:human_heart":8,"biomesoplenty:fir_boat":4,"minecraft:sugar_cane":7,"minecraft:sand":1,"werewolves:stone_altar_fire_bowl":7,"minecraft:diamond_sword":209,"minecraft:experience_bottle":64,"minecraft:cobweb":4,"minecraft:flint_and_steel":19,"minecraft:cooked_salmon":1,"minecraft:stone_hoe":27,"minecraft:cooked_chicken":22,"minecraft:torch":95,"minecraft:dirt":223,"minecraft:wooden_axe":47,"minecraft:iron_axe":260,"minecraft:chicken_spawn_egg":26,"minecraft:iron_boots":3,"werewolves:wolf_berries":32,"minecraft:cooked_beef":101,"minecraft:cobbled_deepslate":17,"minecraft:iron_leggings":2,"minecraft:wheat_seeds":58,"minecraft:cooked_mutton":30,"minecraft:water_bucket":23,"minecraft:crafting_table":4,"minecraft:spider_eye":2,"minecraft:white_bed":8,"alexsmobs:flying_fish":1,"minecraft:diamond_pickaxe":515,"minecraft:iron_pickaxe":216,"werewolves:liver":4,"minecraft:stone_axe":22,"minecraft:cobblestone":184,"travelersbackpack:standard":5,"minecraft:cooked_porkchop":3,"minecraft:porkchop":2,"minecraft:bucket":28,"alexsmobs:animal_dictionary":2,"biomesoplenty:fir_log":7,"travelersbackpack:yellow_sleeping_bag":2},"minecraft:custom":{"minecraft:animals_bred":18,"minecraft:interact_with_crafting_table":35,"minecraft:open_barrel":1,"werewolves:action_time_rage":5513,"minecraft:leave_game":11,"minecraft:time_since_death":17726,"minecraft:sprint_one_cm":809262,"minecraft:damage_blocked_by_shield":1175,"vampirism:interact_with_coffin":13,"minecraft:drop":220,"minecraft:play_time":709814,"minecraft:deaths":15,"minecraft:jump":11518,"minecraft:walk_on_water_one_cm":166650,"vampirism:interact_with_blood_grinder":2,"minecraft:interact_with_furnace":68,"werewolves:action_time_human_form":123158,"minecraft:sleep_in_bed":23,"vampirism:actions_used":60,"werewolves:action_used_beast_form":15,"minecraft:damage_dealt":49426,"werewolves:action_used_rage":7,"minecraft:crouch_one_cm":8173,"minecraft:mob_kills":289,"minecraft:damage_dealt_resisted":2043,"werewolves:action_used_human_form":38,"minecraft:climb_one_cm":1059,"minecraft:walk_one_cm":1403214,"vampirism:skills_unlocked":54,"minecraft:sneak_time":7788,"minecraft:walk_under_water_one_cm":52042,"minecraft:boat_one_cm":370645,"minecraft:total_world_time":709814,"vampirism:blood_drunk":18400,"minecraft:time_since_rest":648,"minecraft:damage_taken":15896,"minecraft:trigger_trapped_chest":4,"werewolves:action_time_beast_form":30916,"minecraft:swim_one_cm":70317,"minecraft:fly_one_cm":2965499,"minecraft:open_chest":192,"minecraft:fall_one_cm":297063},"minecraft:killed_by":{"vampirism:advanced_vampire":1,"iceandfire:cyclops":1,"minecraft:cave_spider":1,"iceandfire:ice_dragon":5,"vampirism:hunter":2,"iceandfire:fire_dragon":2,"minecraft:spider":1,"iceandfire:ghost":1},"minecraft:mined":{"minecraft:white_bed":5,"minecraft:obsidian":3,"minecraft:grass_block":19,"biomesoplenty:tall_lavender":1,"minecraft:cobbled_deepslate":2,"minecraft:iron_ore":20,"minecraft:fire":6,"biomesoplenty:lavender":13,"werewolves:stone_altar_fire_bowl":4,"minecraft:iron_bars":2,"minecraft:deepslate_redstone_ore":2,"iceandfire:dragon_ice_spikes":13,"minecraft:torch":10,"minecraft:sugar_cane":4,"minecraft:wheat":33,"biomesoplenty:fir_log":47,"minecraft:wither_rose":1,"minecraft:grass":252,"minecraft:oak_log":5,"minecraft:sand":71,"minecraft:dirt":28,"minecraft:oak_leaves":1,"werewolves:silver_ore":1,"minecraft:deepslate":432,"minecraft:tuff":26,"iceandfire:silver_ore":9,"werewolves:wolf_berry_bush":21,"minecraft:deepslate_diamond_ore":4,"iceandfire:frozen_cobblestone":1,"gravestone:gravestone":5,"minecraft:spruce_leaves":10,"biomesoplenty:dune_grass":5,"minecraft:large_fern":8,"minecraft:hay_block":11,"biomesoplenty:toadstool":1,"werewolves:wolfsbane":2,"minecraft:andesite":8,"biomesoplenty:sea_oats":7,"minecraft:deepslate_iron_ore":6,"travelersbackpack:yellow_sleeping_bag":3,"minecraft:vine":2,"minecraft:stone":121,"werewolves:stone_altar":6,"minecraft:dandelion":1,"minecraft:crafting_table":2,"minecraft:tall_grass":29,"biomesoplenty:huge_clover_petal":1,"minecraft:deepslate_gold_ore":23,"minecraft:diorite":4,"biomesoplenty:red_maple_leaf_pile":1,"minecraft:sweet_berry_bush":10,"minecraft:ice":6,"minecraft:coal_ore":91,"biomesoplenty:fir_leaves":8,"minecraft:gravel":1,"minecraft:cobweb":8,"minecraft:mossy_stone_bricks":1,"minecraft:gold_ore":12,"minecraft:fern":9},"minecraft:dropped":{"minecraft:iron_sword":7,"minecraft:cooked_beef":66,"vampirism:human_heart":1,"minecraft:diamond":1,"minecraft:crafting_table":1,"minecraft:leather":4,"werewolves:werewolf_tooth":7,"minecraft:red_mushroom":2,"minecraft:dirt":207,"minecraft:mutton":1,"werewolves:pelt":2,"gravestone:obituary":9,"minecraft:sand":22,"werewolves:wolfsbane":1,"minecraft:iron_pickaxe":1,"biomesoplenty:fir_fence":1,"minecraft:white_wool":13,"minecraft:cobbled_deepslate":130,"werewolves:dark_pelt":4,"minecraft:rotten_flesh":2,"minecraft:cooked_mutton":15,"iceandfire:shiny_scales":1,"werewolves:bone_necklace":1,"vampirism:vampire_fang":1,"minecraft:iron_bars":1,"minecraft:glass":3,"biomesoplenty:tall_lavender":2,"minecraft:water_bucket":1,"minecraft:iron_ingot":9,"minecraft:wheat_seeds":30,"vampirism:vampire_book":1,"biomesoplenty:lavender":10,"minecraft:iron_helmet":2,"minecraft:cobblestone":1421,"minecraft:spruce_stairs":1,"minecraft:torch":24,"werewolves:cracked_bone":35,"minecraft:iron_leggings":2,"werewolves:liver":48,"minecraft:iron_axe":1,"minecraft:string":11,"minecraft:raw_iron":5,"iceandfire:troll_leather_forest":3,"minecraft:iron_boots":2,"minecraft:flint_and_steel":3,"minecraft:filled_map":1,"minecraft:diamond_sword":3,"werewolves:stone_altar":1,"minecraft:diamond_pickaxe":2,"minecraft:iron_chestplate":3,"minecraft:oak_sapling":2,"minecraft:stone_pickaxe":2}},"DataVersion":3465}