{"stats":{"minecraft:mined":{"minecraft:white_bed":5,"iceandfire:silver_ore":9,"minecraft:grass_block":10,"biomesoplenty:dune_grass":5,"minecraft:hay_block":11,"biomesoplenty:toadstool":1,"minecraft:iron_ore":17,"werewolves:wolfsbane":1,"biomesoplenty:lavender":5,"minecraft:andesite":8,"biomesoplenty:sea_oats":7,"werewolves:stone_altar_fire_bowl":2,"travelersbackpack:yellow_sleeping_bag":2,"minecraft:vine":2,"minecraft:iron_bars":2,"minecraft:stone":118,"minecraft:dandelion":1,"minecraft:crafting_table":1,"minecraft:torch":8,"minecraft:tall_grass":13,"biomesoplenty:huge_clover_petal":1,"minecraft:sugar_cane":4,"minecraft:diorite":2,"minecraft:wheat":18,"biomesoplenty:fir_log":47,"minecraft:wither_rose":1,"minecraft:grass":46,"minecraft:oak_log":5,"minecraft:coal_ore":91,"biomesoplenty:fir_leaves":8,"minecraft:gravel":1,"minecraft:sand":71,"minecraft:dirt":12,"minecraft:cobweb":4,"minecraft:mossy_stone_bricks":1,"werewolves:silver_ore":1,"minecraft:fern":6},"minecraft:used":{"minecraft:flint_and_steel":1,"minecraft:chest":8,"minecraft:shield":13,"minecraft:iron_sword":213,"minecraft:cooked_chicken":8,"minecraft:cooked_salmon":1,"werewolves:human_werewolf_spawn_egg":2,"minecraft:stone_hoe":27,"minecraft:rotten_flesh":5,"minecraft:iron_chestplate":1,"minecraft:torch":57,"minecraft:dirt":201,"minecraft:milk_bucket":1,"minecraft:wooden_axe":47,"alexsmobs:lobster_tail":1,"werewolves:stone_altar":1,"minecraft:iron_axe":50,"minecraft:grass_block":31,"minecraft:iron_helmet":1,"minecraft:iron_boots":1,"minecraft:furnace":6,"minecraft:cooked_beef":3,"minecraft:iron_leggings":2,"biomesoplenty:fir_fence":27,"minecraft:wheat_seeds":43,"minecraft:cooked_mutton":30,"minecraft:water_bucket":13,"minecraft:cow_spawn_egg":3,"minecraft:stone_pickaxe":80,"biomesoplenty:fir_boat":1,"minecraft:sugar_cane":7,"minecraft:sand":1,"minecraft:crafting_table":3,"minecraft:white_bed":6,"minecraft:iron_pickaxe":183,"werewolves:stone_altar_fire_bowl":6,"minecraft:stone_axe":22,"travelersbackpack:standard":4,"minecraft:cooked_porkchop":3,"minecraft:bucket":18,"alexsmobs:animal_dictionary":2,"minecraft:cobweb":4,"travelersbackpack:yellow_sleeping_bag":2},"minecraft:picked_up":{"minecraft:wooden_axe":1,"minecraft:fishing_rod":2,"minecraft:crafting_table":2,"minecraft:iron_chestplate":5,"minecraft:wheat":32,"minecraft:chicken":27,"minecraft:wither_rose":4,"minecraft:shield":1,"minecraft:iron_axe":1,"minecraft:flint_and_steel":1,"iceandfire:manuscript":16,"minecraft:string":12,"minecraft:cooked_salmon":12,"minecraft:iron_leggings":1,"minecraft:gold_nugget":46,"biomesoplenty:fir_planks":6,"minecraft:beef":20,"minecraft:iron_pickaxe":2,"alexsmobs:raccoon_tail":1,"minecraft:sugar_cane":7,"minecraft:iron_boots":3,"minecraft:egg":13,"minecraft:stick":20,"minecraft:raw_iron":21,"travelersbackpack:yellow_sleeping_bag":2,"minecraft:torch":38,"minecraft:spruce_stairs":2,"werewolves:liver":4,"minecraft:porkchop":13,"werewolves:raw_silver":1,"werewolves:wolfsbane":2,"werewolves:stone_altar_fire_bowl":2,"minecraft:diorite":2,"vampirism:vampire_fang":1,"minecraft:arrow":5,"iceandfire:silver_ingot":4,"minecraft:rotten_flesh":9,"biomesoplenty:jacaranda_log":12,"minecraft:iron_block":4,"minecraft:blaze_rod":5,"minecraft:mutton":15,"minecraft:iron_bars":1,"alexsmobs:lobster_tail":1,"minecraft:skeleton_skull":1,"minecraft:white_wool":12,"minecraft:cobblestone":342,"biomesoplenty:lavender":10,"vampirism:vampire_book":1,"vampirism:vampire_blood_bottle":1,"minecraft:feather":27,"minecraft:cooked_beef":1,"minecraft:water_bucket":1,"minecraft:andesite":3,"minecraft:leather":11,"minecraft:golden_leggings":3,"biomesoplenty:fir_sapling":10,"biomesoplenty:fir_log":84,"minecraft:oak_log":5,"iceandfire:ectoplasm":3,"minecraft:gunpowder":2,"minecraft:dirt":285,"minecraft:cooked_mutton":34,"minecraft:bone":4,"minecraft:bow":1,"minecraft:wheat_seeds":73,"biomesoplenty:fir_boat":2,"minecraft:heart_of_the_sea":2,"minecraft:iron_ingot":12,"minecraft:stone_pickaxe":5,"minecraft:cooked_chicken":11,"minecraft:cobweb":7,"minecraft:mossy_stone_bricks":2,"minecraft:iron_sword":6,"biomesoplenty:toadstool":5,"minecraft:dandelion":1,"minecraft:gravel":2,"minecraft:sand":87,"minecraft:white_bed":10,"alexsmobs:animal_dictionary":3,"minecraft:diamond":8,"minecraft:stone_axe":3,"minecraft:iron_helmet":2,"minecraft:chainmail_helmet":2,"werewolves:cracked_bone":9,"minecraft:oak_sapling":2,"minecraft:coal":155,"iceandfire:raw_silver":10},"minecraft:broken":{"minecraft:golden_leggings":1,"minecraft:wooden_axe":1},"minecraft:killed":{"vampirism:vampire":2,"alexsmobs:lobster":2,"vampirism:advanced_vampire":1,"alexsmobs:raccoon":1,"minecraft:spider":4,"minecraft:skeleton":4,"werewolves:werewolf_beast":1,"minecraft:chicken":27,"minecraft:drowned":2,"minecraft:pig":7,"alexsmobs:seal":3,"minecraft:creeper":2,"minecraft:sheep":5,"minecraft:zombie":11,"iceandfire:ghost":3,"alexsmobs:fly":1,"minecraft:cow":8},"minecraft:crafted":{"minecraft:oak_planks":20,"werewolves:stone_altar_fire_bowl":4,"minecraft:cooked_chicken":16,"travelersbackpack:yellow_sleeping_bag":1,"minecraft:furnace":6,"minecraft:stone":58,"minecraft:cooked_mutton":6,"minecraft:glass":12,"travelersbackpack:white_sleeping_bag":1,"minecraft:iron_axe":1,"minecraft:stone_pickaxe":1,"minecraft:chest":1,"minecraft:stone_bricks":56,"minecraft:cooked_beef":2,"biomesoplenty:jacaranda_planks":16,"minecraft:cooked_porkchop":3,"minecraft:crafting_table":2,"travelersbackpack:backpack_tank":2,"travelersbackpack:standard":1,"werewolves:stone_altar":1,"minecraft:stone_axe":2,"minecraft:air":0,"biomesoplenty:fir_planks":16,"minecraft:white_wool":1,"minecraft:yellow_dye":1,"minecraft:charcoal":9,"minecraft:shield":1,"minecraft:stick":28,"minecraft:iron_ingot":10,"minecraft:iron_pickaxe":2,"minecraft:iron_leggings":1,"minecraft:gold_ingot":2,"minecraft:torch":88},"minecraft:dropped":{"minecraft:iron_ingot":5,"minecraft:iron_sword":3,"biomesoplenty:lavender":1,"minecraft:cobblestone":141,"minecraft:spruce_stairs":1,"minecraft:dirt":206,"minecraft:torch":24,"werewolves:cracked_bone":7,"werewolves:liver":4,"werewolves:wolfsbane":1,"biomesoplenty:fir_fence":1,"minecraft:white_wool":4,"minecraft:rotten_flesh":1,"minecraft:cooked_mutton":15,"minecraft:filled_map":1,"vampirism:vampire_fang":1,"minecraft:iron_chestplate":1,"minecraft:oak_sapling":2,"minecraft:iron_bars":1,"minecraft:stone_pickaxe":2},"minecraft:killed_by":{"vampirism:advanced_vampire":1,"iceandfire:cyclops":1,"iceandfire:ghost":1,"iceandfire:fire_dragon":1},"minecraft:custom":{"minecraft:mob_kills":87,"minecraft:animals_bred":7,"minecraft:interact_with_crafting_table":28,"minecraft:damage_dealt_resisted":274,"minecraft:leave_game":4,"werewolves:action_used_human_form":8,"minecraft:time_since_death":32666,"minecraft:climb_one_cm":1059,"minecraft:sprint_one_cm":367894,"minecraft:walk_one_cm":631764,"minecraft:damage_blocked_by_shield":840,"minecraft:drop":77,"vampirism:skills_unlocked":4,"minecraft:play_time":331481,"minecraft:sneak_time":2969,"minecraft:deaths":5,"minecraft:walk_under_water_one_cm":8107,"minecraft:boat_one_cm":208854,"minecraft:jump":4752,"minecraft:walk_on_water_one_cm":32530,"minecraft:total_world_time":331481,"minecraft:interact_with_furnace":51,"werewolves:action_time_human_form":7513,"minecraft:sleep_in_bed":17,"vampirism:actions_used":8,"minecraft:time_since_rest":7762,"minecraft:damage_taken":3975,"minecraft:trigger_trapped_chest":4,"minecraft:damage_dealt":11368,"minecraft:swim_one_cm":10975,"minecraft:fly_one_cm":1513716,"minecraft:open_chest":99,"minecraft:crouch_one_cm":4169,"minecraft:fall_one_cm":132256}},"DataVersion":3465}