{"stats":{"minecraft:crafted":{"minecraft:oak_planks":20,"travelersbackpack:crafting_upgrade":1,"werewolves:stone_altar_fire_bowl":4,"minecraft:cooked_chicken":30,"travelersbackpack:yellow_sleeping_bag":1,"minecraft:stone":58,"minecraft:cooked_mutton":6,"minecraft:glass":12,"minecraft:chest":1,"minecraft:stone_bricks":56,"travelersbackpack:iron_tier_upgrade":1,"biomesoplenty:jacaranda_planks":16,"minecraft:cooked_porkchop":3,"minecraft:crafting_table":3,"travelersbackpack:standard":3,"werewolves:stone_altar":1,"minecraft:smithing_table":1,"biomesoplenty:fir_planks":36,"minecraft:book":1,"minecraft:charcoal":9,"minecraft:paper":9,"minecraft:yellow_dye":1,"minecraft:shield":1,"minecraft:stick":28,"minecraft:iron_ingot":10,"minecraft:iron_pickaxe":2,"minecraft:gold_ingot":2,"biomesoplenty:maple_planks":8,"minecraft:furnace":6,"travelersbackpack:gold_tier_upgrade":1,"travelersbackpack:white_sleeping_bag":1,"minecraft:iron_axe":1,"minecraft:stone_pickaxe":1,"alexsmobs:flying_fish_boots":1,"minecraft:cooked_beef":6,"biomesoplenty:fir_boat":1,"minecraft:enchanting_table":1,"travelersbackpack:backpack_tank":2,"minecraft:stone_axe":2,"minecraft:air":0,"minecraft:white_wool":1,"minecraft:iron_leggings":1,"minecraft:torch":88,"vampirism:heart_seeker_enhanced":1,"biomesoplenty:maple_door":3},"minecraft:picked_up":{"minecraft:wooden_axe":1,"minecraft:iron_chestplate":12,"minecraft:wheat":60,"minecraft:diamond_sword":4,"minecraft:wither_rose":4,"travelersbackpack:spider":2,"iceandfire:manuscript":16,"minecraft:string":81,"minecraft:raw_copper":7,"minecraft:cooked_salmon":12,"minecraft:iron_leggings":9,"biomesoplenty:tall_lavender":2,"werewolves:wolf_berries":150,"minecraft:experience_bottle":128,"biomesoplenty:maple_door":1,"vampirism:obi_belt":5,"minecraft:diamond_leggings":1,"minecraft:gold_nugget":76,"minecraft:cobbled_deepslate":405,"biomesoplenty:fir_planks":6,"minecraft:iron_pickaxe":9,"iceandfire:frozen_gravel":6,"alexsmobs:raccoon_tail":1,"werewolves:pelt":6,"minecraft:iron_boots":10,"minecraft:stick":20,"travelersbackpack:yellow_sleeping_bag":2,"minecraft:oak_fence":3,"minecraft:torch":108,"werewolves:liver":164,"minecraft:spruce_stairs":2,"minecraft:porkchop":41,"biomesoplenty:orange_maple_sapling":1,"werewolves:wolfsbane":2,"werewolves:dark_pelt":7,"vampirism:vampire_fang":5,"minecraft:diorite":3,"minecraft:rotten_flesh":78,"alexsmobs:flying_fish_boots":2,"minecraft:iron_block":4,"minecraft:cobblestone":1689,"minecraft:blaze_rod":5,"minecraft:cod":1,"minecraft:obsidian":2,"vampirism:heart_seeker_enhanced":1,"minecraft:iron_bars":1,"minecraft:snowball":1,"alexsmobs:lobster_tail":1,"alexsmobs:flying_fish":3,"biomesoplenty:lavender":20,"minecraft:enchanting_table":1,"vampirism:vampire_book":2,"minecraft:feather":151,"minecraft:cooked_beef":66,"minecraft:water_bucket":5,"minecraft:andesite":3,"minecraft:golden_leggings":3,"biomesoplenty:fir_sapling":10,"biomesoplenty:fir_log":85,"alexsmobs:bison_fur":2,"minecraft:flint":1,"minecraft:tuff":19,"minecraft:dirt":394,"minecraft:glass":23,"minecraft:bone":21,"minecraft:bow":2,"minecraft:wheat_seeds":157,"biomesoplenty:fir_boat":4,"minecraft:raw_gold":33,"minecraft:mossy_stone_bricks":2,"minecraft:diamond_helmet":1,"minecraft:oak_planks":3,"biomesoplenty:toadstool":9,"vampirism:ring":2,"iceandfire:shiny_scales":5,"minecraft:sand":158,"minecraft:ink_sac":31,"iceandfire:frozen_dirt":3,"alexsmobs:animal_dictionary":3,"iceandfire:chared_cobblestone":19,"minecraft:diamond":25,"iceandfire:dragon_ice":12,"werewolves:cracked_bone":114,"minecraft:emerald":54,"minecraft:chainmail_helmet":2,"iceandfire:gorgon_head":1,"iceandfire:troll_leather_forest":3,"alexsmobs:maggot":3,"minecraft:oak_sapling":2,"iceandfire:silver_nugget":144,"iceandfire:raw_silver":10,"minecraft:diamond_pickaxe":2,"minecraft:fishing_rod":2,"minecraft:crafting_table":7,"minecraft:chicken":148,"gravestone:obituary":12,"minecraft:shield":5,"minecraft:iron_axe":4,"minecraft:flint_and_steel":6,"biomesoplenty:maple_planks":2,"minecraft:beef":41,"werewolves:bone_necklace":2,"minecraft:sugar_cane":43,"iceandfire:ice_dragon_heart":1,"minecraft:egg":13,"minecraft:raw_iron":37,"iceandfire:dragonbone":10,"werewolves:raw_silver":4,"werewolves:stone_altar_fire_bowl":3,"minecraft:redstone":10,"iceandfire:dragon_skull_ice":1,"minecraft:arrow":47,"iceandfire:silver_ingot":4,"minecraft:diamond_chestplate":1,"biomesoplenty:jacaranda_log":12,"minecraft:diamond_boots":1,"minecraft:mutton":63,"minecraft:skeleton_skull":1,"minecraft:white_wool":35,"vampirism:vampire_blood_bottle":2,"iceandfire:sea_serpent_fang":3,"minecraft:leather":37,"minecraft:red_mushroom":8,"werewolves:dream_catcher":2,"minecraft:oak_log":5,"werewolves:werewolf_tooth":10,"iceandfire:ectoplasm":5,"minecraft:gunpowder":4,"minecraft:cooked_mutton":34,"vampirism:human_heart":19,"minecraft:heart_of_the_sea":2,"biomesoplenty:maple_log":4,"minecraft:iron_ingot":15,"minecraft:stone_pickaxe":5,"minecraft:cooked_chicken":11,"minecraft:cobweb":7,"minecraft:glass_bottle":6,"vampirism:holy_water_bottle_ultimate":2,"iceandfire:sea_serpent_scales_deepblue":8,"minecraft:iron_sword":13,"werewolves:stone_altar":9,"iceandfire:chared_stone":22,"minecraft:sweet_berries":21,"minecraft:dandelion":1,"minecraft:gravel":9,"minecraft:spruce_sapling":4,"minecraft:white_bed":10,"minecraft:spider_eye":5,"biomesoplenty:yellow_maple_sapling":1,"minecraft:stone_axe":3,"minecraft:iron_helmet":8,"iceandfire:ice_dragon_flesh":2,"minecraft:coal":155},"minecraft:broken":{"minecraft:iron_boots":1,"minecraft:iron_chestplate":1,"minecraft:iron_leggings":1,"minecraft:golden_leggings":1,"minecraft:wooden_axe":1,"minecraft:chainmail_helmet":1,"minecraft:iron_axe":1},"minecraft:killed":{"vampirism:vampire":10,"minecraft:cave_spider":5,"alexsmobs:lobster":2,"vampirism:advanced_vampire":2,"minecraft:spider":18,"minecraft:skeleton":17,"vampirism:blinding_bat":1,"werewolves:werewolf_beast":14,"minecraft:chicken":59,"vampirism:advanced_hunter":3,"minecraft:pig":15,"alexsmobs:seal":3,"minecraft:creeper":3,"vampirism:hunter":40,"minecraft:sheep":19,"minecraft:zombie":65,"alexsmobs:terrapin":2,"alexsmobs:fly":1,"iceandfire:sea_serpent":1,"werewolves:werewolf_survivalist":15,"minecraft:cow":14,"alexsmobs:raccoon":2,"minecraft:phantom":2,"minecraft:horse":3,"werewolves:alpha_werewolf":2,"alexsmobs:blue_jay":1,"iceandfire:siren":1,"minecraft:drowned":4,"alexsmobs:bison":1,"alexsmobs:flying_fish":2,"alexsmobs:gelada_monkey":1,"iceandfire:ghost":6,"iceandfire:ice_dragon":1},"minecraft:used":{"minecraft:chest":10,"minecraft:shield":30,"minecraft:iron_sword":710,"minecraft:zombie_spawn_egg":7,"minecraft:rotten_flesh":28,"werewolves:human_werewolf_spawn_egg":2,"minecraft:iron_chestplate":1,"minecraft:mutton":2,"minecraft:tuff":19,"minecraft:milk_bucket":1,"minecraft:lava_bucket":1,"alexsmobs:lobster_tail":1,"werewolves:stone_altar":10,"minecraft:grass_block":102,"minecraft:iron_helmet":2,"iceandfire:chared_stone":13,"minecraft:sweet_berries":28,"minecraft:furnace":6,"biomesoplenty:fir_fence":38,"minecraft:diamond_boots":1,"minecraft:cow_spawn_egg":11,"minecraft:stone_pickaxe":80,"alexsmobs:flying_fish_boots":2,"vampirism:human_heart":9,"biomesoplenty:fir_planks":3,"biomesoplenty:fir_boat":4,"minecraft:sugar_cane":66,"minecraft:sand":3,"werewolves:stone_altar_fire_bowl":7,"iceandfire:chared_cobblestone":5,"minecraft:diamond_sword":689,"minecraft:smithing_table":1,"minecraft:cobweb":4,"minecraft:experience_bottle":192,"minecraft:enchanting_table":2,"minecraft:flint_and_steel":21,"minecraft:cooked_salmon":1,"minecraft:cooked_chicken":28,"minecraft:stone_hoe":27,"minecraft:torch":96,"minecraft:dirt":226,"minecraft:wooden_axe":47,"minecraft:bookshelf":20,"minecraft:iron_axe":260,"minecraft:chicken_spawn_egg":26,"minecraft:iron_boots":3,"werewolves:wolf_berries":79,"minecraft:cooked_beef":130,"minecraft:cobbled_deepslate":17,"minecraft:iron_leggings":2,"minecraft:wheat_seeds":58,"minecraft:cooked_mutton":30,"minecraft:water_bucket":74,"minecraft:crafting_table":4,"minecraft:spider_eye":2,"minecraft:white_bed":8,"biomesoplenty:maple_door":1,"alexsmobs:flying_fish":1,"minecraft:diamond_pickaxe":639,"minecraft:iron_pickaxe":216,"werewolves:liver":4,"minecraft:stone_axe":22,"minecraft:cobblestone":189,"travelersbackpack:standard":8,"minecraft:porkchop":2,"minecraft:cooked_porkchop":3,"minecraft:bucket":47,"alexsmobs:animal_dictionary":2,"biomesoplenty:fir_log":7,"travelersbackpack:yellow_sleeping_bag":2},"minecraft:custom":{"minecraft:animals_bred":19,"minecraft:interact_with_crafting_table":46,"minecraft:open_barrel":1,"werewolves:action_time_rage":6489,"minecraft:leave_game":17,"minecraft:time_since_death":8716,"minecraft:sprint_one_cm":938964,"minecraft:damage_blocked_by_shield":1953,"vampirism:interact_with_coffin":13,"minecraft:drop":305,"minecraft:play_time":864699,"minecraft:deaths":28,"minecraft:jump":14326,"minecraft:walk_on_water_one_cm":275250,"vampirism:interact_with_blood_grinder":2,"minecraft:enchant_item":4,"minecraft:interact_with_furnace":72,"werewolves:action_time_human_form":168156,"minecraft:sleep_in_bed":27,"vampirism:actions_used":83,"werewolves:action_used_beast_form":25,"minecraft:damage_dealt":70218,"werewolves:action_used_rage":9,"minecraft:player_kills":4,"minecraft:crouch_one_cm":11624,"minecraft:interact_with_smithing_table":7,"minecraft:mob_kills":339,"minecraft:damage_dealt_resisted":3587,"werewolves:action_used_human_form":47,"minecraft:climb_one_cm":1059,"minecraft:walk_one_cm":1761832,"vampirism:skills_unlocked":127,"minecraft:sneak_time":11165,"minecraft:walk_under_water_one_cm":118812,"minecraft:boat_one_cm":370645,"minecraft:total_world_time":864699,"vampirism:blood_drunk":20400,"minecraft:time_since_rest":2284,"minecraft:damage_taken":22936,"minecraft:trigger_trapped_chest":4,"werewolves:action_time_beast_form":36459,"werewolves:action_used_howling":2,"minecraft:swim_one_cm":129274,"minecraft:fly_one_cm":3383423,"minecraft:open_chest":226,"minecraft:fall_one_cm":348803},"minecraft:killed_by":{"vampirism:advanced_vampire":1,"iceandfire:cyclops":1,"iceandfire:sea_serpent":1,"minecraft:cave_spider":1,"iceandfire:ice_dragon":5,"vampirism:hunter":2,"iceandfire:fire_dragon":11,"minecraft:player":1,"minecraft:spider":1,"iceandfire:ghost":1,"werewolves:werewolf_survivalist":1},"minecraft:mined":{"minecraft:white_bed":5,"minecraft:obsidian":3,"minecraft:grass_block":27,"minecraft:tall_seagrass":2,"biomesoplenty:tall_lavender":1,"minecraft:iron_ore":20,"minecraft:cobbled_deepslate":2,"minecraft:fire":10,"biomesoplenty:lavender":13,"minecraft:pumpkin":1,"minecraft:enchanting_table":1,"werewolves:stone_altar_fire_bowl":4,"iceandfire:gold_pile":1,"minecraft:iron_bars":2,"iceandfire:chared_cobblestone":19,"minecraft:deepslate_redstone_ore":2,"biomesoplenty:maple_log":3,"iceandfire:dragon_ice_spikes":13,"minecraft:torch":10,"iceandfire:frozen_dirt":8,"minecraft:cobblestone":1,"minecraft:sugar_cane":24,"minecraft:wheat":33,"biomesoplenty:fir_log":47,"minecraft:wither_rose":1,"minecraft:grass":308,"minecraft:oak_log":5,"minecraft:sand":73,"minecraft:dirt":33,"minecraft:deepslate":432,"minecraft:oak_leaves":1,"werewolves:silver_ore":1,"iceandfire:chared_stone":24,"minecraft:diamond_ore":5,"minecraft:tuff":26,"iceandfire:silver_ore":9,"werewolves:wolf_berry_bush":42,"minecraft:deepslate_diamond_ore":4,"iceandfire:frozen_cobblestone":1,"gravestone:gravestone":16,"minecraft:spruce_leaves":10,"iceandfire:dragon_ice":11,"biomesoplenty:dune_grass":9,"minecraft:large_fern":12,"minecraft:hay_block":11,"minecraft:redstone_ore":1,"biomesoplenty:toadstool":1,"werewolves:wolfsbane":2,"minecraft:andesite":8,"biomesoplenty:sea_oats":7,"minecraft:deepslate_iron_ore":6,"travelersbackpack:yellow_sleeping_bag":3,"minecraft:vine":2,"minecraft:packed_ice":10,"minecraft:stone":121,"minecraft:podzol":1,"werewolves:stone_altar":8,"minecraft:dandelion":1,"iceandfire:frozen_gravel":6,"minecraft:crafting_table":2,"minecraft:emerald_ore":24,"minecraft:tall_grass":30,"biomesoplenty:sprout":6,"biomesoplenty:huge_clover_petal":1,"minecraft:lapis_ore":3,"minecraft:deepslate_gold_ore":23,"minecraft:diorite":4,"biomesoplenty:red_maple_leaf_pile":1,"minecraft:sweet_berry_bush":10,"minecraft:ice":6,"minecraft:coal_ore":91,"iceandfire:silver_pile":6,"biomesoplenty:fir_leaves":8,"minecraft:gravel":1,"minecraft:cobweb":8,"minecraft:mossy_stone_bricks":1,"minecraft:gold_ore":12,"minecraft:fern":11},"minecraft:dropped":{"minecraft:iron_sword":7,"minecraft:cooked_beef":66,"vampirism:human_heart":1,"minecraft:diamond":1,"minecraft:crafting_table":1,"iceandfire:frozen_dirt":3,"minecraft:leather":4,"werewolves:werewolf_tooth":7,"biomesoplenty:orange_maple_sapling":1,"minecraft:red_mushroom":2,"minecraft:cod":1,"minecraft:flint":1,"minecraft:dirt":233,"minecraft:mutton":1,"werewolves:pelt":2,"minecraft:snowball":1,"gravestone:obituary":27,"minecraft:sand":24,"werewolves:wolfsbane":1,"minecraft:iron_pickaxe":1,"biomesoplenty:fir_fence":1,"iceandfire:armor_silver_metal_helmet":1,"minecraft:white_wool":13,"minecraft:gravel":3,"biomesoplenty:toadstool":4,"minecraft:sugar_cane":2,"minecraft:cobbled_deepslate":322,"minecraft:obsidian":1,"werewolves:dark_pelt":4,"minecraft:rotten_flesh":15,"werewolves:raw_silver":3,"minecraft:oak_planks":2,"minecraft:cooked_mutton":15,"iceandfire:shiny_scales":1,"werewolves:bone_necklace":1,"iceandfire:armor_silver_metal_boots":1,"vampirism:vampire_blood_bottle":1,"vampirism:vampire_fang":1,"minecraft:iron_bars":1,"minecraft:glass":23,"biomesoplenty:tall_lavender":2,"minecraft:water_bucket":2,"minecraft:iron_ingot":9,"minecraft:wheat_seeds":35,"biomesoplenty:maple_door":3,"vampirism:vampire_book":1,"minecraft:diamond_leggings":1,"biomesoplenty:lavender":10,"minecraft:iron_helmet":3,"minecraft:cobblestone":1481,"iceandfire:frozen_gravel":6,"minecraft:spruce_stairs":1,"minecraft:ink_sac":1,"minecraft:torch":24,"werewolves:cracked_bone":35,"minecraft:diamond_helmet":1,"minecraft:iron_leggings":4,"werewolves:liver":48,"minecraft:iron_axe":1,"vampirism:ring":1,"minecraft:paper":6,"minecraft:string":33,"iceandfire:silver_nugget":144,"alexsmobs:maggot":2,"minecraft:raw_copper":7,"biomesoplenty:yellow_maple_sapling":1,"minecraft:experience_bottle":128,"minecraft:raw_iron":6,"iceandfire:troll_leather_forest":3,"minecraft:iron_boots":4,"minecraft:flint_and_steel":3,"iceandfire:dragon_ice":12,"minecraft:filled_map":1,"minecraft:diamond_sword":3,"werewolves:stone_altar":1,"biomesoplenty:maple_log":1,"minecraft:diamond_chestplate":1,"minecraft:iron_chestplate":5,"minecraft:diamond_pickaxe":2,"minecraft:oak_sapling":2,"minecraft:spider_eye":2,"minecraft:diamond_boots":1,"minecraft:stone_pickaxe":2}},"DataVersion":3465}