{"stats":{"minecraft:mined":{"minecraft:large_fern":2,"biomesoplenty:fir_fence":1,"minecraft:wheat":22,"biomesoplenty:fir_log":4,"minecraft:crafting_table":1,"minecraft:grass":13,"minecraft:grass_block":3,"biomesoplenty:fir_leaves":3,"minecraft:tall_grass":7,"minecraft:stone":5,"minecraft:fern":6},"minecraft:used":{"minecraft:wheat_seeds":20,"minecraft:cooked_mutton":1,"minecraft:bread":4,"minecraft:wooden_pickaxe":5,"minecraft:stone_axe":2,"minecraft:dirt":4,"minecraft:crafting_table":1,"alexsmobs:animal_dictionary":1,"minecraft:cooked_beef":2,"biomesoplenty:fir_fence":1},"minecraft:picked_up":{"minecraft:crafting_table":1,"minecraft:wheat":20,"minecraft:cooked_beef":3,"minecraft:wooden_pickaxe":1,"biomesoplenty:fir_sapling":1,"biomesoplenty:fir_log":4,"biomesoplenty:fir_fence":1,"vampirism:vampire_fang":1,"minecraft:dirt":4,"minecraft:cooked_mutton":1,"minecraft:rotten_flesh":4,"minecraft:wheat_seeds":54,"biomesoplenty:redwood_wood":18,"minecraft:cobblestone":5},"minecraft:dropped":{"minecraft:wheat_seeds":4,"minecraft:rotten_flesh":4,"minecraft:wooden_pickaxe":1},"minecraft:crafted":{"biomesoplenty:fir_planks":16,"minecraft:wooden_sword":1,"minecraft:glass":2,"minecraft:crafting_table":1,"minecraft:stick":4,"minecraft:wooden_pickaxe":1,"minecraft:air":0,"minecraft:bread":6},"minecraft:killed_by":{"iceandfire:cyclops":1},"minecraft:custom":{"minecraft:time_since_rest":1858,"minecraft:interact_with_furnace":3,"minecraft:sprint_one_cm":111607,"minecraft:damage_taken":890,"minecraft:walk_one_cm":97575,"minecraft:drop":9,"minecraft:damage_dealt":116,"minecraft:swim_one_cm":9160,"minecraft:interact_with_crafting_table":3,"minecraft:fly_one_cm":152733,"minecraft:open_chest":23,"minecraft:crouch_one_cm":269,"minecraft:play_time":32700,"minecraft:deaths":2,"minecraft:sneak_time":117,"minecraft:walk_under_water_one_cm":1207,"minecraft:jump":685,"minecraft:time_since_death":18177,"minecraft:walk_on_water_one_cm":2943,"minecraft:sleep_in_bed":3,"minecraft:total_world_time":32700,"minecraft:fall_one_cm":20073}},"DataVersion":3465}