{"stats":{"minecraft:mined":{"minecraft:grass":3,"minecraft:grass_block":1,"biomesoplenty:fir_leaves":3,"minecraft:stone":3,"biomesoplenty:fir_log":4,"minecraft:crafting_table":1,"minecraft:fern":6},"minecraft:crafted":{"biomesoplenty:fir_planks":16,"minecraft:wooden_sword":1,"minecraft:crafting_table":1,"minecraft:stick":4,"minecraft:wooden_pickaxe":1},"minecraft:custom":{"minecraft:time_since_rest":3052,"minecraft:play_time":3052,"minecraft:sprint_one_cm":6619,"minecraft:walk_one_cm":9018,"minecraft:drop":2,"minecraft:jump":57,"minecraft:time_since_death":3052,"minecraft:total_world_time":3052,"minecraft:fly_one_cm":10980,"minecraft:fall_one_cm":1997,"minecraft:interact_with_crafting_table":2},"minecraft:used":{"minecraft:dirt":1,"minecraft:crafting_table":1,"alexsmobs:animal_dictionary":1,"minecraft:wooden_pickaxe":3},"minecraft:picked_up":{"minecraft:crafting_table":1,"minecraft:wheat_seeds":2,"biomesoplenty:fir_sapling":1,"biomesoplenty:fir_log":4,"minecraft:dirt":1,"minecraft:cobblestone":2},"minecraft:dropped":{"minecraft:wheat_seeds":2}},"DataVersion":3465}