{"stats":{"minecraft:dropped":{"biomesoplenty:toadstool":6,"minecraft:kelp":2,"minecraft:wheat_seeds":8,"minecraft:oak_log":3,"minecraft:cherry_log":2,"minecraft:cooked_beef":1,"minecraft:bowl":2,"biomesoplenty:lavender":1,"minecraft:cobblestone":3,"minecraft:rotten_flesh":1,"minecraft:leather":1,"minecraft:cooked_mutton":1,"minecraft:copper_ingot":1,"minecraft:white_bed":1,"biomesoplenty:fir_sapling":4,"minecraft:lily_of_the_valley":3,"biomesoplenty:jacaranda_log":4,"minecraft:filled_map":2,"minecraft:dirt":6,"iceandfire:ghost_chest":1,"minecraft:skeleton_skull":1,"minecraft:andesite":3,"minecraft:wooden_axe":1,"minecraft:oak_sapling":2,"minecraft:sand":17,"minecraft:gold_nugget":5,"minecraft:wither_rose":1,"minecraft:blue_orchid":1,"minecraft:arrow":2,"minecraft:wooden_pickaxe":1,"minecraft:paper":2,"minecraft:string":1,"iceandfire:manuscript":5},"minecraft:killed":{"minecraft:pig":4,"minecraft:spider":1,"minecraft:creeper":1,"minecraft:sheep":14,"minecraft:skeleton":3,"minecraft:zombie":1,"iceandfire:ghost":7,"minecraft:chicken":1,"alexsmobs:skelewag":1,"minecraft:cow":6},"minecraft:crafted":{"minecraft:cooked_beef":21,"minecraft:oak_planks":4,"biomesoplenty:fir_boat":2,"minecraft:cooked_porkchop":9,"minecraft:crafting_table":4,"biomesoplenty:redwood_planks":12,"minecraft:wooden_pickaxe":1,"minecraft:stone_axe":1,"minecraft:cooked_mutton":8,"minecraft:air":0,"biomesoplenty:fir_planks":100,"minecraft:charcoal":10,"minecraft:stick":12,"minecraft:iron_ingot":2,"minecraft:stone_pickaxe":1,"minecraft:wooden_axe":2,"minecraft:chest":2,"minecraft:white_bed":3},"minecraft:used":{"minecraft:cooked_mutton":9,"minecraft:stone_pickaxe":83,"minecraft:chest":2,"minecraft:wooden_pickaxe":5,"biomesoplenty:fir_planks":38,"biomesoplenty:fir_boat":2,"minecraft:iron_chestplate":1,"minecraft:sand":1,"iceandfire:copper_sword":131,"minecraft:crafting_table":5,"minecraft:white_bed":10,"minecraft:wooden_axe":43,"minecraft:suspicious_stew":1,"minecraft:iron_helmet":1,"iceandfire:ash":1,"minecraft:stone_axe":22,"minecraft:cobblestone":31,"minecraft:furnace":5,"minecraft:cooked_porkchop":4,"alexsmobs:animal_dictionary":1,"minecraft:cooked_beef":10},"minecraft:custom":{"minecraft:interact_with_smithing_table":1,"minecraft:interact_with_furnace":70,"minecraft:mob_kills":40,"minecraft:interact_with_crafting_table":14,"minecraft:open_barrel":2,"minecraft:leave_game":2,"minecraft:time_since_death":104974,"minecraft:sleep_in_bed":6,"minecraft:climb_one_cm":1035,"minecraft:time_since_rest":29357,"minecraft:sprint_one_cm":276097,"minecraft:damage_taken":1107,"minecraft:walk_one_cm":219684,"minecraft:trigger_trapped_chest":2,"minecraft:drop":41,"minecraft:damage_dealt":6717,"minecraft:swim_one_cm":95154,"minecraft:fly_one_cm":586253,"minecraft:open_chest":43,"minecraft:crouch_one_cm":14295,"minecraft:play_time":104974,"minecraft:sneak_time":8454,"minecraft:walk_under_water_one_cm":6947,"minecraft:boat_one_cm":242535,"minecraft:jump":2803,"minecraft:walk_on_water_one_cm":16927,"minecraft:total_world_time":104974,"minecraft:fall_one_cm":92588},"minecraft:mined":{"minecraft:white_bed":7,"iceandfire:silver_ore":4,"minecraft:crafting_table":1,"minecraft:grass_block":1,"minecraft:chest":1,"iceandfire:ghost_chest":2,"minecraft:tall_grass":1,"minecraft:cobblestone":1,"biomesoplenty:sprout":1,"minecraft:furnace":7,"biomesoplenty:toadstool":1,"minecraft:iron_ore":5,"minecraft:andesite":4,"iceandfire:gold_pile":50,"biomesoplenty:fir_log":27,"minecraft:wither_rose":1,"minecraft:coal_ore":4,"biomesoplenty:sea_oats":2,"minecraft:grass":10,"minecraft:oak_log":10,"biomesoplenty:fir_leaves":3,"minecraft:dirt":2,"minecraft:sand":1,"minecraft:stone":60,"biomesoplenty:redwood_wood":3,"minecraft:oak_leaves":2,"minecraft:fern":1},"minecraft:broken":{"minecraft:wooden_axe":1},"minecraft:picked_up":{"biomesoplenty:lavender":1,"minecraft:iron_chestplate":1,"minecraft:charcoal":5,"minecraft:crafting_table":1,"minecraft:chicken":1,"minecraft:andesite":3,"minecraft:leather":7,"minecraft:filled_map":1,"biomesoplenty:fir_sapling":4,"biomesoplenty:fir_log":29,"minecraft:wither_rose":1,"minecraft:oak_log":10,"iceandfire:ectoplasm":6,"iceandfire:manuscript":4,"minecraft:dirt":8,"minecraft:string":1,"minecraft:paper":2,"minecraft:bone":19,"minecraft:blue_orchid":1,"minecraft:kelp":2,"iceandfire:graveyard_soil":4,"minecraft:bow":1,"minecraft:gold_nugget":444,"minecraft:wheat_seeds":8,"minecraft:beef":12,"biomesoplenty:redwood_wood":3,"minecraft:raw_iron":5,"minecraft:furnace":7,"biomesoplenty:toadstool":6,"iceandfire:dragonbone":41,"iceandfire:ghost_chest":2,"minecraft:copper_ingot":1,"iceandfire:ash":1,"minecraft:bowl":1,"minecraft:sand":18,"minecraft:porkchop":7,"minecraft:cherry_log":2,"minecraft:white_bed":8,"minecraft:lily_of_the_valley":3,"iceandfire:dragon_skull_ice":2,"iceandfire:silver_ingot":2,"minecraft:arrow":2,"minecraft:rotten_flesh":1,"biomesoplenty:jacaranda_log":4,"minecraft:stone_axe":2,"minecraft:oak_sapling":2,"minecraft:coal":3,"iceandfire:raw_silver":4,"alexsmobs:flying_fish":1,"minecraft:mutton":20,"minecraft:skeleton_skull":1,"minecraft:white_wool":15,"minecraft:cobblestone":63}},"DataVersion":3465}