{"stats":{"minecraft:mined":{"minecraft:white_bed":7,"iceandfire:silver_ore":5,"minecraft:grass_block":1,"minecraft:furnace":7,"biomesoplenty:toadstool":1,"minecraft:iron_ore":10,"minecraft:andesite":4,"biomesoplenty:sea_oats":2,"iceandfire:gold_pile":50,"minecraft:stone":61,"minecraft:crafting_table":1,"iceandfire:ghost_chest":2,"minecraft:chest":1,"minecraft:tall_grass":1,"minecraft:cobblestone":1,"biomesoplenty:sprout":1,"biomesoplenty:fir_log":27,"minecraft:wither_rose":1,"minecraft:grass":10,"minecraft:oak_log":10,"minecraft:coal_ore":4,"biomesoplenty:fir_leaves":3,"minecraft:sand":1,"minecraft:dirt":2,"biomesoplenty:redwood_wood":3,"minecraft:oak_leaves":2,"werewolves:silver_ore":8,"minecraft:fern":1},"minecraft:used":{"minecraft:chest":2,"minecraft:iron_chestplate":1,"iceandfire:copper_sword":131,"minecraft:wooden_axe":43,"minecraft:iron_helmet":1,"minecraft:furnace":5,"minecraft:cooked_beef":12,"minecraft:cooked_mutton":12,"minecraft:stone_pickaxe":83,"minecraft:wooden_pickaxe":5,"biomesoplenty:fir_planks":38,"biomesoplenty:fir_boat":2,"minecraft:sand":1,"minecraft:crafting_table":5,"minecraft:white_bed":10,"minecraft:iron_pickaxe":15,"minecraft:suspicious_stew":1,"iceandfire:ash":1,"minecraft:stone_axe":37,"minecraft:cobblestone":39,"minecraft:cooked_porkchop":4,"minecraft:andesite":3,"alexsmobs:animal_dictionary":1},"minecraft:picked_up":{"minecraft:charcoal":5,"minecraft:crafting_table":1,"minecraft:iron_chestplate":1,"minecraft:chicken":1,"minecraft:wither_rose":1,"iceandfire:manuscript":4,"minecraft:string":1,"minecraft:blue_orchid":1,"iceandfire:graveyard_soil":4,"minecraft:gold_nugget":444,"minecraft:beef":12,"biomesoplenty:redwood_wood":3,"minecraft:furnace":7,"iceandfire:dragonbone":41,"minecraft:raw_iron":10,"iceandfire:ghost_chest":2,"minecraft:copper_ingot":1,"minecraft:torch":24,"minecraft:bowl":1,"minecraft:porkchop":7,"werewolves:raw_silver":8,"minecraft:cherry_log":2,"iceandfire:dragon_skull_ice":2,"iceandfire:silver_ingot":2,"minecraft:arrow":2,"minecraft:rotten_flesh":1,"biomesoplenty:jacaranda_log":4,"minecraft:mutton":20,"alexsmobs:flying_fish":1,"minecraft:skeleton_skull":1,"minecraft:white_wool":15,"minecraft:cobblestone":63,"biomesoplenty:lavender":1,"minecraft:andesite":8,"minecraft:leather":7,"biomesoplenty:fir_sapling":4,"minecraft:filled_map":1,"biomesoplenty:fir_log":29,"minecraft:oak_log":10,"iceandfire:ectoplasm":6,"minecraft:gunpowder":2,"minecraft:dirt":8,"minecraft:paper":2,"minecraft:cooked_mutton":9,"minecraft:bone":19,"minecraft:kelp":2,"minecraft:bow":1,"minecraft:wheat_seeds":8,"minecraft:iron_ingot":5,"biomesoplenty:toadstool":6,"iceandfire:ash":1,"minecraft:sand":18,"minecraft:white_bed":8,"minecraft:lily_of_the_valley":3,"minecraft:stone_axe":2,"minecraft:oak_sapling":2,"minecraft:coal":3,"iceandfire:raw_silver":5},"minecraft:broken":{"minecraft:wooden_axe":1},"minecraft:killed":{"vampirism:vampire":1,"minecraft:spider":1,"minecraft:skeleton":3,"minecraft:chicken":1,"alexsmobs:skelewag":1,"minecraft:pig":4,"minecraft:creeper":2,"minecraft:sheep":14,"minecraft:zombie":3,"iceandfire:ghost":7,"minecraft:cow":6},"minecraft:dropped":{"minecraft:wheat_seeds":8,"minecraft:cherry_log":2,"minecraft:cooked_beef":1,"minecraft:oak_log":3,"biomesoplenty:lavender":1,"minecraft:cobblestone":3,"minecraft:leather":1,"minecraft:copper_ingot":1,"biomesoplenty:fir_sapling":4,"biomesoplenty:jacaranda_log":4,"minecraft:dirt":6,"minecraft:wooden_axe":1,"minecraft:gold_nugget":5,"minecraft:wither_rose":1,"minecraft:sand":17,"minecraft:paper":2,"minecraft:string":1,"biomesoplenty:toadstool":6,"minecraft:kelp":2,"minecraft:bowl":2,"minecraft:rotten_flesh":1,"minecraft:cooked_mutton":1,"minecraft:white_bed":1,"minecraft:lily_of_the_valley":3,"minecraft:filled_map":2,"iceandfire:ghost_chest":1,"minecraft:skeleton_skull":1,"minecraft:andesite":3,"minecraft:oak_sapling":2,"minecraft:blue_orchid":1,"minecraft:arrow":2,"minecraft:wooden_pickaxe":1,"iceandfire:manuscript":5},"minecraft:crafted":{"minecraft:oak_planks":4,"minecraft:cooked_mutton":11,"minecraft:iron_boots":1,"minecraft:stone_pickaxe":1,"minecraft:chest":2,"minecraft:cooked_beef":26,"biomesoplenty:fir_boat":2,"minecraft:cooked_porkchop":9,"minecraft:crafting_table":4,"biomesoplenty:redwood_planks":12,"minecraft:wooden_pickaxe":1,"minecraft:stone_axe":1,"minecraft:air":0,"biomesoplenty:fir_planks":104,"minecraft:charcoal":10,"minecraft:stick":16,"minecraft:iron_ingot":20,"minecraft:iron_pickaxe":1,"minecraft:wooden_axe":2,"minecraft:iron_leggings":1,"minecraft:gold_ingot":49,"minecraft:white_bed":3},"minecraft:custom":{"minecraft:interact_with_smithing_table":1,"minecraft:mob_kills":44,"minecraft:interact_with_crafting_table":19,"minecraft:open_barrel":2,"minecraft:leave_game":2,"minecraft:time_since_death":121905,"minecraft:climb_one_cm":1035,"minecraft:sprint_one_cm":327938,"minecraft:walk_one_cm":262868,"minecraft:drop":41,"minecraft:play_time":121905,"minecraft:sneak_time":8581,"minecraft:walk_under_water_one_cm":6947,"minecraft:boat_one_cm":242535,"minecraft:jump":3451,"minecraft:walk_on_water_one_cm":17800,"minecraft:total_world_time":121905,"minecraft:interact_with_furnace":81,"minecraft:sleep_in_bed":6,"minecraft:time_since_rest":46288,"minecraft:damage_taken":1273,"minecraft:trigger_trapped_chest":2,"minecraft:damage_dealt":7763,"minecraft:swim_one_cm":95154,"minecraft:fly_one_cm":722936,"minecraft:open_chest":80,"minecraft:crouch_one_cm":14561,"minecraft:fall_one_cm":111950}},"DataVersion":3465}