{"stats":{"minecraft:mined":{"minecraft:white_bed":7,"iceandfire:silver_ore":5,"minecraft:grass_block":10,"minecraft:furnace":7,"biomesoplenty:toadstool":1,"minecraft:iron_ore":10,"minecraft:andesite":4,"biomesoplenty:sea_oats":2,"iceandfire:gold_pile":50,"minecraft:stone":61,"minecraft:crafting_table":1,"iceandfire:ghost_chest":3,"minecraft:chest":1,"minecraft:tall_grass":1,"minecraft:cobblestone":1,"biomesoplenty:sprout":1,"biomesoplenty:fir_log":220,"minecraft:wither_rose":1,"minecraft:grass":11,"minecraft:oak_log":10,"minecraft:coal_ore":4,"biomesoplenty:fir_leaves":11,"minecraft:sand":1,"minecraft:dirt":38,"biomesoplenty:redwood_wood":3,"minecraft:oak_leaves":2,"werewolves:silver_ore":8,"minecraft:fern":2},"minecraft:used":{"iceandfire:silver_sword":17,"minecraft:chest":2,"minecraft:cooked_chicken":1,"minecraft:iron_chestplate":1,"minecraft:dirt":70,"iceandfire:copper_sword":162,"minecraft:milk_bucket":1,"minecraft:wooden_axe":43,"minecraft:iron_axe":193,"minecraft:iron_helmet":1,"minecraft:furnace":5,"minecraft:egg":1,"minecraft:cooked_beef":15,"minecraft:iron_leggings":1,"minecraft:cooked_mutton":22,"minecraft:water_bucket":9,"minecraft:stone_pickaxe":83,"minecraft:wooden_pickaxe":5,"biomesoplenty:fir_planks":38,"biomesoplenty:fir_boat":3,"minecraft:golden_apple":1,"minecraft:sand":1,"minecraft:crafting_table":5,"minecraft:white_bed":11,"minecraft:suspicious_stew":1,"minecraft:iron_pickaxe":15,"iceandfire:ash":1,"minecraft:golden_leggings":1,"minecraft:stone_axe":41,"minecraft:cobblestone":39,"minecraft:cooked_porkchop":4,"minecraft:andesite":3,"minecraft:bucket":10,"alexsmobs:animal_dictionary":1},"minecraft:picked_up":{"minecraft:charcoal":5,"minecraft:crafting_table":2,"minecraft:iron_chestplate":1,"minecraft:chicken":1,"minecraft:wooden_pickaxe":1,"minecraft:wither_rose":1,"iceandfire:manuscript":4,"minecraft:string":1,"minecraft:wooden_sword":1,"minecraft:blue_orchid":1,"iceandfire:graveyard_soil":4,"minecraft:gold_nugget":463,"biomesoplenty:fir_planks":5,"minecraft:beef":15,"biomesoplenty:redwood_wood":3,"minecraft:furnace":7,"minecraft:egg":1,"minecraft:stick":6,"minecraft:raw_iron":10,"iceandfire:dragonbone":41,"iceandfire:ghost_chest":3,"minecraft:copper_ingot":3,"minecraft:torch":25,"minecraft:bowl":1,"minecraft:porkchop":7,"werewolves:raw_silver":8,"minecraft:cherry_log":2,"iceandfire:dragon_skull_ice":2,"iceandfire:silver_ingot":5,"minecraft:arrow":2,"minecraft:rotten_flesh":4,"biomesoplenty:jacaranda_log":4,"minecraft:mutton":20,"alexsmobs:flying_fish":1,"minecraft:skeleton_skull":2,"minecraft:white_wool":15,"minecraft:cobblestone":68,"biomesoplenty:lavender":1,"minecraft:cooked_beef":1,"minecraft:andesite":8,"minecraft:leather":8,"minecraft:golden_leggings":2,"biomesoplenty:fir_sapling":14,"minecraft:filled_map":1,"biomesoplenty:fir_log":215,"minecraft:oak_log":10,"iceandfire:ectoplasm":14,"minecraft:gunpowder":2,"minecraft:dirt":115,"minecraft:paper":2,"minecraft:cooked_mutton":9,"minecraft:bone":25,"minecraft:kelp":5,"minecraft:bow":1,"minecraft:wheat_seeds":40,"minecraft:iron_ingot":5,"biomesoplenty:toadstool":6,"iceandfire:ash":1,"minecraft:sand":18,"minecraft:white_bed":8,"alexsmobs:animal_dictionary":1,"minecraft:lily_of_the_valley":3,"minecraft:stone_axe":3,"iceandfire:silver_sword":1,"minecraft:oak_sapling":2,"minecraft:coal":3,"iceandfire:raw_silver":5},"minecraft:broken":{"minecraft:wooden_axe":1},"minecraft:killed":{"vampirism:vampire":1,"minecraft:spider":1,"minecraft:skeleton":4,"minecraft:chicken":1,"alexsmobs:skelewag":1,"minecraft:pig":4,"minecraft:creeper":2,"minecraft:sheep":14,"minecraft:zombie":3,"iceandfire:ghost":9,"minecraft:cow":8},"minecraft:dropped":{"minecraft:wheat_seeds":8,"minecraft:cooked_beef":4,"minecraft:cherry_log":2,"minecraft:oak_log":3,"minecraft:crafting_table":1,"biomesoplenty:lavender":1,"minecraft:cobblestone":8,"minecraft:leather":1,"minecraft:copper_ingot":1,"biomesoplenty:fir_sapling":4,"minecraft:stick":1,"biomesoplenty:jacaranda_log":4,"minecraft:dirt":6,"minecraft:wooden_axe":1,"minecraft:gold_nugget":5,"minecraft:wooden_sword":1,"minecraft:wither_rose":1,"minecraft:sand":17,"minecraft:paper":2,"minecraft:string":1,"biomesoplenty:toadstool":6,"minecraft:kelp":2,"alexsmobs:animal_dictionary":1,"minecraft:bowl":2,"minecraft:rotten_flesh":1,"minecraft:cooked_mutton":1,"minecraft:white_bed":1,"minecraft:lily_of_the_valley":3,"minecraft:filled_map":2,"iceandfire:ghost_chest":1,"biomesoplenty:fir_planks":5,"minecraft:skeleton_skull":1,"minecraft:andesite":3,"minecraft:golden_leggings":4,"minecraft:oak_sapling":2,"minecraft:blue_orchid":1,"minecraft:arrow":2,"minecraft:wooden_pickaxe":2,"iceandfire:manuscript":5},"minecraft:crafted":{"minecraft:oak_planks":4,"minecraft:cooked_chicken":8,"minecraft:stone":45,"minecraft:cooked_mutton":13,"minecraft:iron_boots":1,"minecraft:iron_axe":2,"minecraft:stone_pickaxe":1,"minecraft:chest":2,"minecraft:cooked_beef":29,"biomesoplenty:fir_boat":3,"minecraft:cooked_porkchop":17,"minecraft:crafting_table":4,"biomesoplenty:redwood_planks":12,"minecraft:wooden_pickaxe":1,"minecraft:iron_sword":1,"minecraft:bucket":1,"minecraft:stone_axe":1,"minecraft:air":0,"biomesoplenty:fir_planks":128,"minecraft:charcoal":10,"minecraft:stick":24,"minecraft:iron_pickaxe":3,"minecraft:iron_ingot":40,"minecraft:wooden_axe":2,"minecraft:gold_ingot":49,"minecraft:iron_leggings":1,"minecraft:white_bed":3},"minecraft:custom":{"minecraft:interact_with_smithing_table":1,"minecraft:mob_kills":51,"minecraft:interact_with_crafting_table":39,"minecraft:open_barrel":2,"minecraft:leave_game":3,"minecraft:time_since_death":177976,"minecraft:climb_one_cm":1035,"minecraft:sprint_one_cm":451342,"minecraft:walk_one_cm":383362,"minecraft:drop":55,"minecraft:play_time":177976,"minecraft:sneak_time":11528,"minecraft:walk_under_water_one_cm":7246,"minecraft:boat_one_cm":558502,"minecraft:jump":4979,"minecraft:walk_on_water_one_cm":23863,"minecraft:total_world_time":177976,"minecraft:interact_with_furnace":116,"minecraft:sleep_in_bed":8,"minecraft:time_since_rest":1666,"minecraft:damage_taken":1898,"minecraft:damage_absorbed":40,"minecraft:trigger_trapped_chest":2,"minecraft:damage_dealt":10485,"minecraft:swim_one_cm":96511,"minecraft:fly_one_cm":1043022,"minecraft:player_kills":2,"minecraft:open_chest":157,"minecraft:crouch_one_cm":22258,"minecraft:fall_one_cm":155176}},"DataVersion":3465}