{"stats":{"minecraft:mined":{"minecraft:tuff":2,"minecraft:white_bed":7,"iceandfire:silver_ore":11,"werewolves:wolf_berry_bush":9,"minecraft:deepslate_diamond_ore":2,"minecraft:grass_block":15,"minecraft:spruce_leaves":2,"minecraft:large_fern":8,"minecraft:furnace":11,"biomesoplenty:toadstool":1,"minecraft:fire":2,"minecraft:iron_ore":80,"werewolves:wolfsbane":1,"minecraft:andesite":4,"biomesoplenty:sea_oats":3,"iceandfire:gold_pile":50,"minecraft:deepslate_iron_ore":23,"minecraft:stone":78,"biomesoplenty:redwood_planks":3,"werewolves:stone_altar":2,"minecraft:crafting_table":3,"minecraft:torch":3,"biomesoplenty:fir_planks":1,"iceandfire:ghost_chest":4,"minecraft:chest":1,"minecraft:tall_grass":4,"minecraft:cobblestone":2,"biomesoplenty:sprout":1,"minecraft:wall_torch":5,"minecraft:spruce_log":2,"biomesoplenty:fir_log":220,"minecraft:wither_rose":3,"minecraft:grass":81,"minecraft:oak_log":21,"minecraft:coal_ore":69,"werewolves:deepslate_silver_ore":3,"biomesoplenty:fir_leaves":11,"minecraft:sand":11,"minecraft:dirt":42,"biomesoplenty:redwood_wood":3,"minecraft:oak_leaves":2,"werewolves:silver_ore":20,"minecraft:deepslate":2,"minecraft:fern":3},"minecraft:used":{"iceandfire:silver_sword":45,"minecraft:flint_and_steel":32,"minecraft:spruce_planks":4,"minecraft:chest":2,"minecraft:shield":26,"minecraft:iron_sword":1018,"minecraft:cooked_chicken":5,"minecraft:iron_chestplate":2,"minecraft:torch":16,"minecraft:dirt":131,"iceandfire:copper_sword":162,"werewolves:silver_pickaxe":58,"minecraft:granite":5,"minecraft:milk_bucket":2,"minecraft:wooden_axe":43,"werewolves:stone_altar":1,"minecraft:iron_axe":316,"iceandfire:ghost_chest":1,"minecraft:iron_helmet":1,"minecraft:iron_boots":1,"minecraft:furnace":9,"minecraft:egg":1,"minecraft:cooked_beef":94,"minecraft:iron_leggings":1,"minecraft:cooked_mutton":36,"minecraft:water_bucket":13,"minecraft:stone_pickaxe":83,"minecraft:wooden_pickaxe":5,"biomesoplenty:fir_planks":44,"biomesoplenty:fir_boat":4,"minecraft:golden_apple":1,"minecraft:sand":1,"minecraft:crafting_table":8,"minecraft:white_bed":11,"werewolves:stone_altar_fire_bowl":1,"minecraft:iron_pickaxe":170,"minecraft:bread":3,"minecraft:suspicious_stew":1,"iceandfire:ash":1,"minecraft:golden_leggings":1,"minecraft:stone_axe":41,"minecraft:cobblestone":39,"minecraft:cooked_porkchop":13,"minecraft:andesite":3,"minecraft:bucket":15,"alexsmobs:animal_dictionary":1},"minecraft:picked_up":{"minecraft:charcoal":5,"minecraft:crafting_table":4,"minecraft:iron_chestplate":3,"minecraft:wheat":7,"minecraft:chicken":4,"werewolves:charm_bracelet":1,"minecraft:wooden_pickaxe":1,"minecraft:wither_rose":3,"vampirism:pure_salt_water":1,"minecraft:shield":1,"iceandfire:manuscript":4,"minecraft:string":2,"minecraft:iron_axe":2,"minecraft:wooden_sword":1,"minecraft:flint_and_steel":2,"minecraft:iron_leggings":2,"werewolves:wolf_berries":38,"minecraft:blue_orchid":1,"iceandfire:graveyard_soil":4,"minecraft:gold_nugget":463,"minecraft:cobbled_deepslate":10,"biomesoplenty:fir_planks":6,"minecraft:beef":34,"werewolves:bone_necklace":2,"minecraft:iron_pickaxe":2,"werewolves:pelt":17,"biomesoplenty:redwood_wood":3,"minecraft:iron_boots":2,"minecraft:furnace":12,"minecraft:egg":1,"minecraft:stick":6,"minecraft:raw_iron":107,"iceandfire:dragonbone":41,"iceandfire:ghost_chest":4,"minecraft:copper_ingot":3,"minecraft:oak_fence":2,"minecraft:torch":39,"minecraft:bowl":1,"werewolves:liver":55,"werewolves:dark_pelt":9,"minecraft:porkchop":11,"werewolves:raw_silver":22,"werewolves:stone_altar_fire_bowl":1,"minecraft:cherry_log":2,"vampirism:vampire_fang":1,"vampirism:amulet":2,"vampirism:blood_bottle":1,"iceandfire:dragon_skull_ice":2,"biomesoplenty:redwood_planks":3,"minecraft:arrow":26,"iceandfire:silver_ingot":5,"minecraft:rotten_flesh":11,"werewolves:silver_pickaxe":1,"biomesoplenty:jacaranda_log":4,"minecraft:mutton":23,"vampirism:heart_seeker_enhanced":1,"alexsmobs:flying_fish":1,"minecraft:skeleton_skull":2,"minecraft:white_wool":15,"minecraft:cobblestone":89,"biomesoplenty:lavender":1,"vampirism:vampire_book":2,"minecraft:feather":5,"vampirism:vampire_blood_bottle":1,"minecraft:cooked_beef":90,"minecraft:water_bucket":1,"minecraft:andesite":8,"minecraft:leather":10,"minecraft:golden_leggings":2,"biomesoplenty:fir_sapling":14,"minecraft:filled_map":1,"biomesoplenty:fir_log":215,"werewolves:werewolf_tooth":14,"minecraft:tuff":2,"minecraft:oak_log":22,"iceandfire:ectoplasm":14,"minecraft:gunpowder":2,"minecraft:paper":2,"minecraft:dirt":185,"minecraft:cooked_mutton":11,"minecraft:bone":42,"vampirism:human_heart":3,"minecraft:apple":3,"minecraft:kelp":5,"minecraft:bow":1,"minecraft:wheat_seeds":53,"minecraft:raw_gold":1,"vampirism:item_garlic":2,"minecraft:iron_ingot":7,"minecraft:rabbit":3,"minecraft:iron_sword":1,"minecraft:oak_planks":1,"biomesoplenty:toadstool":6,"werewolves:stone_altar":1,"minecraft:cooked_porkchop":3,"iceandfire:ash":1,"minecraft:sand":28,"minecraft:spider_eye":2,"minecraft:spruce_log":2,"minecraft:white_bed":8,"minecraft:lily_of_the_valley":3,"alexsmobs:animal_dictionary":1,"minecraft:diamond":2,"minecraft:stone_axe":3,"iceandfire:silver_sword":1,"minecraft:iron_helmet":2,"minecraft:granite":5,"minecraft:bread":3,"werewolves:cracked_bone":31,"iceandfire:troll_leather_forest":3,"minecraft:oak_sapling":2,"minecraft:coal":187,"iceandfire:raw_silver":12},"minecraft:broken":{"minecraft:iron_sword":3,"minecraft:wooden_axe":1},"minecraft:killed":{"vampirism:vampire":4,"minecraft:cave_spider":1,"vampirism:advanced_vampire":1,"minecraft:spider":9,"alexsmobs:seagull":4,"minecraft:skeleton":19,"werewolves:alpha_werewolf":4,"werewolves:werewolf_beast":35,"minecraft:chicken":1,"vampirism:advanced_hunter":5,"alexsmobs:skelewag":1,"minecraft:pig":4,"iceandfire:troll":1,"minecraft:creeper":2,"vampirism:hunter":17,"minecraft:sheep":14,"minecraft:zombie":15,"iceandfire:ghost":10,"werewolves:werewolf_survivalist":33,"minecraft:cow":16},"minecraft:crafted":{"minecraft:oak_planks":16,"werewolves:silver_pickaxe":1,"minecraft:cooked_chicken":23,"minecraft:furnace":1,"minecraft:stone":45,"minecraft:flint_and_steel":1,"minecraft:cooked_mutton":33,"minecraft:glass":10,"travelersbackpack:white_sleeping_bag":1,"minecraft:iron_boots":3,"minecraft:iron_axe":3,"minecraft:stone_pickaxe":1,"minecraft:chest":3,"minecraft:cooked_beef":50,"biomesoplenty:fir_boat":5,"minecraft:cooked_porkchop":33,"minecraft:crafting_table":6,"minecraft:spruce_planks":8,"travelersbackpack:standard":1,"biomesoplenty:redwood_planks":12,"travelersbackpack:backpack_tank":2,"minecraft:wooden_pickaxe":1,"minecraft:iron_helmet":2,"minecraft:iron_sword":5,"minecraft:bucket":2,"minecraft:stone_axe":1,"minecraft:air":0,"biomesoplenty:fir_planks":160,"minecraft:golden_apple":3,"minecraft:iron_chestplate":2,"minecraft:charcoal":10,"minecraft:shield":1,"minecraft:stick":36,"minecraft:iron_ingot":126,"minecraft:iron_pickaxe":3,"minecraft:wooden_axe":2,"minecraft:iron_leggings":3,"minecraft:gold_ingot":49,"minecraft:white_bed":3,"minecraft:torch":32,"minecraft:shears":1},"minecraft:dropped":{"vampirism:item_garlic":2,"minecraft:wheat_seeds":15,"minecraft:cooked_beef":19,"minecraft:cherry_log":2,"minecraft:oak_log":3,"vampirism:human_heart":1,"vampirism:vampire_book":1,"minecraft:crafting_table":1,"minecraft:feather":1,"biomesoplenty:lavender":1,"minecraft:iron_helmet":2,"minecraft:oak_fence":2,"minecraft:cobblestone":8,"minecraft:leather":3,"werewolves:werewolf_tooth":7,"minecraft:copper_ingot":1,"vampirism:amulet":2,"biomesoplenty:fir_sapling":4,"minecraft:stick":1,"biomesoplenty:jacaranda_log":4,"minecraft:dirt":6,"minecraft:torch":1,"werewolves:cracked_bone":4,"minecraft:wooden_axe":1,"werewolves:pelt":5,"werewolves:liver":6,"minecraft:iron_leggings":2,"minecraft:wooden_sword":1,"minecraft:gold_nugget":5,"minecraft:wither_rose":1,"minecraft:sand":17,"minecraft:paper":2,"minecraft:string":1,"biomesoplenty:toadstool":6,"minecraft:kelp":2,"alexsmobs:animal_dictionary":1,"minecraft:cobbled_deepslate":2,"minecraft:bowl":2,"werewolves:dark_pelt":5,"minecraft:rotten_flesh":5,"minecraft:iron_boots":2,"minecraft:cooked_mutton":1,"minecraft:white_bed":1,"minecraft:flint_and_steel":1,"minecraft:lily_of_the_valley":3,"minecraft:filled_map":2,"iceandfire:ghost_chest":1,"biomesoplenty:fir_planks":5,"vampirism:vampire_blood_bottle":1,"minecraft:skeleton_skull":1,"minecraft:iron_chestplate":1,"minecraft:andesite":3,"minecraft:golden_leggings":4,"minecraft:oak_sapling":2,"minecraft:spider_eye":1,"minecraft:blue_orchid":1,"minecraft:arrow":17,"minecraft:wooden_pickaxe":2,"iceandfire:manuscript":5},"minecraft:killed_by":{"vampirism:hunter":1},"minecraft:custom":{"minecraft:interact_with_smithing_table":1,"minecraft:mob_kills":201,"minecraft:interact_with_crafting_table":81,"minecraft:open_barrel":2,"werewolves:action_time_rage":4374,"minecraft:damage_dealt_resisted":4816,"minecraft:leave_game":4,"werewolves:action_used_human_form":26,"minecraft:time_since_death":95982,"minecraft:climb_one_cm":1035,"minecraft:sprint_one_cm":999646,"minecraft:walk_one_cm":946742,"minecraft:damage_blocked_by_shield":570,"minecraft:drop":135,"vampirism:skills_unlocked":6,"minecraft:play_time":355477,"minecraft:deaths":2,"minecraft:sneak_time":22317,"minecraft:walk_under_water_one_cm":11004,"minecraft:boat_one_cm":910143,"minecraft:jump":10125,"minecraft:walk_on_water_one_cm":45174,"minecraft:total_world_time":355477,"minecraft:interact_with_furnace":217,"werewolves:action_time_human_form":48992,"minecraft:sleep_in_bed":11,"vampirism:actions_used":32,"minecraft:time_since_rest":81250,"minecraft:damage_taken":9520,"minecraft:damage_absorbed":40,"minecraft:trigger_trapped_chest":2,"minecraft:damage_dealt":60212,"werewolves:action_used_rage":6,"minecraft:player_kills":2,"minecraft:swim_one_cm":113892,"minecraft:fly_one_cm":2084675,"minecraft:open_chest":289,"minecraft:crouch_one_cm":58251,"minecraft:fall_one_cm":293773}},"DataVersion":3465}