{"stats":{"minecraft:picked_up":{"minecraft:raw_iron":2,"biomesoplenty:fir_log":8,"minecraft:coal":30,"minecraft:dirt":9,"minecraft:cobblestone":26},"minecraft:crafted":{"minecraft:furnace":1,"biomesoplenty:fir_planks":32,"minecraft:crafting_table":1,"minecraft:stick":4,"minecraft:stone_pickaxe":1,"minecraft:cooked_chicken":14},"minecraft:broken":{"minecraft:stone_pickaxe":1},"minecraft:killed":{"alexsmobs:gelada_monkey":1,"minecraft:zombie":1},"minecraft:used":{"minecraft:cooked_chicken":3,"minecraft:dirt":2,"minecraft:cobblestone":8,"minecraft:crafting_table":1,"minecraft:iron_axe":12,"minecraft:stone_pickaxe":62,"alexsmobs:animal_dictionary":1},"minecraft:custom":{"minecraft:time_since_rest":8520,"minecraft:open_chest":6,"minecraft:crouch_one_cm":348,"minecraft:play_time":18485,"minecraft:interact_with_furnace":1,"minecraft:sprint_one_cm":48169,"minecraft:damage_taken":155,"minecraft:walk_one_cm":32372,"minecraft:sneak_time":249,"minecraft:walk_under_water_one_cm":4310,"minecraft:mob_kills":2,"minecraft:jump":398,"minecraft:damage_dealt":271,"minecraft:time_since_death":18485,"minecraft:walk_on_water_one_cm":8481,"minecraft:sleep_in_bed":1,"minecraft:total_world_time":18485,"minecraft:swim_one_cm":19902,"minecraft:interact_with_crafting_table":2,"minecraft:fall_one_cm":9520,"minecraft:fly_one_cm":93835},"minecraft:mined":{"minecraft:grass_block":1,"minecraft:coal_ore":30,"minecraft:dirt":8,"minecraft:iron_ore":2,"minecraft:stone":27,"biomesoplenty:fir_log":8}},"DataVersion":3465}