{"stats":{"minecraft:picked_up":{"minecraft:crafting_table":3,"minecraft:andesite":19,"minecraft:leather":6,"biomesoplenty:fir_log":14,"minecraft:flint":1,"minecraft:tuff":120,"iceandfire:ectoplasm":1,"minecraft:cobbled_deepslate_stairs":2,"minecraft:lapis_lazuli":53,"minecraft:dirt":50,"minecraft:bone":2,"minecraft:wheat_seeds":4,"minecraft:cobbled_deepslate":757,"minecraft:raw_gold":65,"minecraft:beef":10,"minecraft:furnace":2,"iceandfire:chared_stone":5,"minecraft:raw_iron":69,"minecraft:stone":26,"iceandfire:ash":3,"minecraft:porkchop":2,"minecraft:raw_iron_block":2,"minecraft:gravel":41,"werewolves:raw_silver":3,"minecraft:diorite":53,"minecraft:redstone":49,"iceandfire:chared_cobblestone":2,"minecraft:arrow":2,"minecraft:purple_bed":1,"biomesoplenty:yellow_maple_sapling":1,"minecraft:diamond":76,"minecraft:granite":62,"iceandfire:raw_silver":1,"minecraft:coal":83,"minecraft:cobblestone":410},"minecraft:crafted":{"minecraft:cooked_beef":10,"minecraft:raw_iron":18,"minecraft:cooked_porkchop":6,"minecraft:crafting_table":1,"minecraft:cooked_chicken":14,"minecraft:furnace":1,"minecraft:air":0,"biomesoplenty:fir_planks":56,"minecraft:diamond_pickaxe":1,"minecraft:shield":3,"minecraft:stick":8,"minecraft:iron_ingot":71,"minecraft:iron_pickaxe":1,"minecraft:stone_pickaxe":1},"minecraft:killed":{"minecraft:pig":1,"minecraft:skeleton":1,"alexsmobs:gelada_monkey":1,"iceandfire:ghost":1,"minecraft:zombie":1,"minecraft:cow":5},"minecraft:broken":{"minecraft:stone_pickaxe":2,"minecraft:shield":1,"minecraft:diamond_pickaxe":1,"minecraft:golden_pickaxe":1},"minecraft:used":{"minecraft:diorite":4,"minecraft:diamond_boots":1,"minecraft:stone_pickaxe":184,"minecraft:shield":1,"minecraft:stone":26,"minecraft:cooked_chicken":14,"minecraft:dirt":27,"minecraft:crafting_table":4,"minecraft:diamond_helmet":1,"minecraft:tuff":22,"minecraft:granite":9,"minecraft:diamond_pickaxe":1721,"minecraft:iron_axe":28,"minecraft:iron_pickaxe":235,"minecraft:diamond_chestplate":1,"minecraft:diamond_sword":19,"minecraft:cobblestone":90,"minecraft:purple_bed":1,"minecraft:furnace":3,"minecraft:cooked_porkchop":6,"alexsmobs:animal_dictionary":1,"minecraft:cooked_beef":1,"minecraft:cobbled_deepslate":91,"minecraft:diamond_leggings":1,"minecraft:golden_pickaxe":32},"minecraft:custom":{"minecraft:interact_with_furnace":32,"minecraft:mob_kills":10,"minecraft:interact_with_crafting_table":9,"minecraft:leave_game":1,"minecraft:time_since_death":887,"minecraft:sleep_in_bed":1,"minecraft:time_since_rest":915,"minecraft:damage_taken":2778,"minecraft:sprint_one_cm":176551,"minecraft:walk_one_cm":186183,"minecraft:damage_blocked_by_shield":160,"minecraft:drop":1,"minecraft:damage_dealt":1419,"minecraft:swim_one_cm":27843,"minecraft:fly_one_cm":310135,"minecraft:open_chest":45,"minecraft:crouch_one_cm":9880,"minecraft:play_time":124855,"minecraft:deaths":5,"minecraft:sneak_time":6371,"minecraft:walk_under_water_one_cm":11137,"minecraft:jump":1682,"minecraft:walk_on_water_one_cm":13244,"minecraft:total_world_time":124855,"minecraft:fall_one_cm":33458},"minecraft:killed_by":{"minecraft:zombie":1,"iceandfire:fire_dragon":3},"minecraft:mined":{"minecraft:deepslate_redstone_ore":11,"minecraft:diamond_ore":12,"minecraft:tuff":120,"iceandfire:silver_ore":3,"minecraft:deepslate_diamond_ore":64,"minecraft:crafting_table":3,"minecraft:granite":62,"gravestone:gravestone":4,"minecraft:grass_block":7,"minecraft:tall_grass":1,"minecraft:copper_ore":3,"minecraft:cobblestone":40,"minecraft:deepslate_gold_ore":65,"minecraft:diorite":63,"minecraft:purple_bed":1,"minecraft:smooth_stone":1,"minecraft:raw_iron_block":2,"minecraft:furnace":2,"minecraft:cobbled_deepslate":1,"minecraft:iron_ore":14,"minecraft:fire":18,"minecraft:andesite":26,"minecraft:deepslate_lapis_ore":8,"biomesoplenty:fir_log":14,"minecraft:grass":8,"minecraft:coal_ore":87,"minecraft:deepslate_iron_ore":57,"minecraft:gravel":44,"minecraft:dirt":43,"minecraft:stone":544,"werewolves:silver_ore":3,"minecraft:deepslate":911,"iceandfire:chared_cobblestone":11,"iceandfire:chared_stone":9},"minecraft:dropped":{"minecraft:dirt":23}},"DataVersion":3465}