{"stats":{"minecraft:picked_up":{"minecraft:crafting_table":4,"iceandfire:sea_serpent_fang":2,"minecraft:andesite":19,"minecraft:leather":6,"biomesoplenty:fir_log":14,"minecraft:flint":1,"minecraft:tuff":120,"minecraft:oak_log":5,"gravestone:obituary":8,"iceandfire:ectoplasm":1,"minecraft:cobbled_deepslate_stairs":3,"minecraft:gunpowder":2,"minecraft:dirt":67,"minecraft:lapis_lazuli":53,"minecraft:string":1,"minecraft:bone":12,"iceandfire:sea_serpent_scales_bronze":5,"minecraft:kelp":11,"minecraft:wheat_seeds":8,"biomesoplenty:fir_boat":9,"minecraft:cobbled_deepslate":757,"minecraft:raw_gold":65,"minecraft:beef":10,"minecraft:sugar_cane":2,"minecraft:oak_planks":18,"minecraft:furnace":2,"biomesoplenty:toadstool":4,"iceandfire:chared_stone":5,"minecraft:raw_iron":69,"minecraft:stone":26,"minecraft:copper_ingot":2,"iceandfire:shiny_scales":3,"iceandfire:ash":6,"minecraft:raw_iron_block":2,"minecraft:gravel":41,"minecraft:porkchop":2,"minecraft:sand":2,"werewolves:raw_silver":3,"minecraft:diorite":53,"minecraft:trident":1,"minecraft:redstone":49,"minecraft:prismarine_crystals":4,"iceandfire:chared_cobblestone":2,"travelersbackpack:iron":1,"minecraft:arrow":7,"minecraft:purple_bed":3,"minecraft:rotten_flesh":9,"minecraft:diamond":76,"biomesoplenty:yellow_maple_sapling":1,"iceandfire:chared_dirt":3,"minecraft:granite":62,"minecraft:coal":83,"minecraft:cobblestone":410,"iceandfire:raw_silver":1},"minecraft:crafted":{"minecraft:cooked_beef":10,"minecraft:oak_planks":20,"minecraft:raw_iron":18,"biomesoplenty:fir_boat":4,"minecraft:cooked_porkchop":6,"minecraft:crafting_table":2,"minecraft:iron_helmet":1,"minecraft:cooked_chicken":14,"minecraft:furnace":1,"minecraft:air":0,"biomesoplenty:fir_planks":56,"minecraft:oak_boat":1,"minecraft:iron_boots":1,"minecraft:diamond_pickaxe":1,"minecraft:shield":3,"minecraft:stick":8,"minecraft:iron_ingot":82,"minecraft:iron_pickaxe":1,"minecraft:stone_pickaxe":1},"minecraft:killed":{"minecraft:pig":1,"minecraft:spider":1,"minecraft:creeper":3,"minecraft:skeleton":6,"alexsmobs:gelada_monkey":1,"minecraft:zombie":7,"iceandfire:ghost":1,"iceandfire:siren":1,"minecraft:drowned":9,"iceandfire:sea_serpent":1,"minecraft:cow":5},"minecraft:broken":{"minecraft:stone_pickaxe":2,"minecraft:shield":1,"minecraft:diamond_pickaxe":1,"minecraft:iron_axe":1,"minecraft:golden_pickaxe":1},"minecraft:used":{"minecraft:diorite":4,"minecraft:diamond_boots":1,"minecraft:stone_pickaxe":184,"minecraft:shield":9,"minecraft:stone":26,"biomesoplenty:fir_boat":12,"minecraft:cooked_chicken":14,"minecraft:iron_chestplate":1,"iceandfire:chared_dirt":2,"minecraft:dirt":44,"minecraft:crafting_table":5,"minecraft:diamond_helmet":1,"minecraft:tuff":22,"minecraft:granite":9,"minecraft:diamond_pickaxe":1721,"minecraft:iron_pickaxe":235,"minecraft:iron_axe":81,"minecraft:iron_helmet":1,"minecraft:iron_boots":1,"iceandfire:ash":1,"minecraft:diamond_chestplate":1,"minecraft:diamond_sword":112,"minecraft:cobblestone":90,"minecraft:purple_bed":2,"minecraft:furnace":3,"minecraft:cooked_porkchop":6,"minecraft:oak_boat":1,"alexsmobs:animal_dictionary":1,"minecraft:cooked_beef":9,"minecraft:diamond_leggings":1,"minecraft:cobbled_deepslate":91,"minecraft:golden_pickaxe":32},"minecraft:custom":{"minecraft:interact_with_furnace":35,"minecraft:mob_kills":36,"minecraft:interact_with_crafting_table":15,"minecraft:leave_game":3,"minecraft:time_since_death":5848,"minecraft:sleep_in_bed":1,"minecraft:time_since_rest":5879,"minecraft:damage_taken":8799,"minecraft:sprint_one_cm":324721,"minecraft:walk_one_cm":262155,"minecraft:damage_blocked_by_shield":530,"minecraft:drop":12,"minecraft:damage_dealt":7653,"minecraft:swim_one_cm":85404,"minecraft:fly_one_cm":634874,"minecraft:open_chest":68,"minecraft:crouch_one_cm":11884,"minecraft:play_time":193812,"minecraft:sneak_time":7323,"minecraft:deaths":26,"minecraft:walk_under_water_one_cm":72856,"minecraft:boat_one_cm":782702,"minecraft:jump":2889,"minecraft:walk_on_water_one_cm":96450,"minecraft:total_world_time":193812,"minecraft:fall_one_cm":68238},"minecraft:killed_by":{"iceandfire:ice_dragon":2,"minecraft:skeleton":1,"minecraft:creeper":1,"minecraft:zombie":1,"iceandfire:sea_serpent":2,"iceandfire:fire_dragon":17},"minecraft:mined":{"minecraft:deepslate_redstone_ore":11,"minecraft:diamond_ore":12,"minecraft:tuff":120,"iceandfire:silver_ore":3,"minecraft:deepslate_diamond_ore":64,"minecraft:crafting_table":4,"minecraft:granite":62,"gravestone:gravestone":12,"minecraft:grass_block":7,"minecraft:copper_ore":3,"minecraft:tall_grass":1,"minecraft:cobblestone":40,"iceandfire:chared_dirt":2,"minecraft:deepslate_gold_ore":65,"minecraft:diorite":63,"minecraft:smooth_stone":1,"minecraft:purple_bed":3,"minecraft:raw_iron_block":2,"minecraft:furnace":2,"minecraft:iron_ore":14,"minecraft:fire":25,"minecraft:cobbled_deepslate":1,"minecraft:andesite":26,"minecraft:deepslate_lapis_ore":8,"biomesoplenty:fir_log":14,"minecraft:grass":14,"minecraft:oak_log":5,"minecraft:coal_ore":87,"minecraft:deepslate_iron_ore":57,"minecraft:gravel":44,"minecraft:dirt":46,"biomesoplenty:orange_maple_leaf_pile":1,"minecraft:stone":544,"minecraft:deepslate":911,"iceandfire:chared_stone":9,"werewolves:silver_ore":3,"iceandfire:chared_cobblestone":11},"minecraft:dropped":{"minecraft:kelp":11,"minecraft:dirt":23}},"DataVersion":3465}