{"stats":{"minecraft:crafted":{"minecraft:raw_iron":18,"minecraft:crafting_table":1,"minecraft:cooked_chicken":14,"minecraft:furnace":1,"minecraft:air":0,"biomesoplenty:fir_planks":48,"minecraft:shield":1,"minecraft:stick":4,"minecraft:iron_ingot":7,"minecraft:iron_pickaxe":1,"minecraft:stone_pickaxe":1},"minecraft:picked_up":{"minecraft:crafting_table":3,"minecraft:andesite":19,"biomesoplenty:fir_log":14,"minecraft:flint":1,"minecraft:tuff":120,"minecraft:lapis_lazuli":53,"minecraft:dirt":29,"minecraft:cobbled_deepslate":756,"minecraft:raw_gold":65,"minecraft:furnace":2,"iceandfire:chared_stone":5,"minecraft:raw_iron":69,"minecraft:stone":26,"minecraft:raw_iron_block":2,"minecraft:gravel":41,"minecraft:diorite":53,"minecraft:redstone":49,"iceandfire:chared_cobblestone":1,"minecraft:diamond":76,"minecraft:granite":58,"minecraft:coal":83,"minecraft:cobblestone":227},"minecraft:killed":{"alexsmobs:gelada_monkey":1,"minecraft:zombie":1},"minecraft:broken":{"minecraft:stone_pickaxe":2,"minecraft:golden_pickaxe":1},"minecraft:used":{"minecraft:diorite":4,"minecraft:diamond_boots":1,"minecraft:stone_pickaxe":184,"minecraft:stone":26,"minecraft:cooked_chicken":11,"minecraft:dirt":27,"minecraft:crafting_table":3,"minecraft:diamond_helmet":1,"minecraft:tuff":22,"minecraft:granite":9,"minecraft:diamond_pickaxe":1520,"minecraft:iron_axe":20,"minecraft:iron_pickaxe":235,"minecraft:diamond_chestplate":1,"minecraft:diamond_sword":1,"minecraft:cobblestone":26,"minecraft:furnace":2,"alexsmobs:animal_dictionary":1,"minecraft:cobbled_deepslate":5,"minecraft:diamond_leggings":1,"minecraft:golden_pickaxe":32},"minecraft:custom":{"minecraft:interact_with_furnace":7,"minecraft:mob_kills":2,"minecraft:interact_with_crafting_table":6,"minecraft:leave_game":1,"minecraft:time_since_death":55656,"minecraft:sleep_in_bed":1,"minecraft:time_since_rest":55698,"minecraft:damage_taken":951,"minecraft:sprint_one_cm":67352,"minecraft:walk_one_cm":132374,"minecraft:damage_dealt":446,"minecraft:swim_one_cm":20352,"minecraft:fly_one_cm":113483,"minecraft:open_chest":18,"minecraft:crouch_one_cm":6196,"minecraft:play_time":88855,"minecraft:deaths":1,"minecraft:sneak_time":4622,"minecraft:walk_under_water_one_cm":4371,"minecraft:jump":791,"minecraft:walk_on_water_one_cm":8791,"minecraft:total_world_time":88855,"minecraft:fall_one_cm":13937},"minecraft:killed_by":{"minecraft:zombie":1},"minecraft:mined":{"minecraft:deepslate_redstone_ore":11,"minecraft:diamond_ore":12,"minecraft:tuff":120,"iceandfire:silver_ore":2,"minecraft:deepslate_diamond_ore":64,"minecraft:crafting_table":3,"minecraft:granite":60,"gravestone:gravestone":1,"minecraft:grass_block":3,"minecraft:copper_ore":3,"minecraft:cobblestone":2,"minecraft:deepslate_gold_ore":65,"minecraft:diorite":63,"minecraft:smooth_stone":1,"minecraft:raw_iron_block":2,"minecraft:furnace":2,"minecraft:iron_ore":14,"minecraft:fire":12,"minecraft:andesite":26,"minecraft:deepslate_lapis_ore":8,"biomesoplenty:fir_log":14,"minecraft:grass":1,"minecraft:coal_ore":83,"minecraft:deepslate_iron_ore":57,"minecraft:gravel":44,"minecraft:dirt":26,"minecraft:stone":393,"minecraft:deepslate":911,"iceandfire:chared_cobblestone":10,"iceandfire:chared_stone":9}},"DataVersion":3465}