{"stats":{"minecraft:crafted":{"minecraft:oak_planks":20,"minecraft:raw_iron":18,"minecraft:cooked_chicken":14,"minecraft:furnace":1,"minecraft:iron_boots":1,"minecraft:stone_pickaxe":1,"minecraft:cooked_beef":10,"biomesoplenty:fir_boat":4,"minecraft:cooked_porkchop":6,"minecraft:crafting_table":2,"minecraft:iron_helmet":1,"minecraft:air":0,"biomesoplenty:fir_planks":56,"minecraft:oak_boat":1,"minecraft:diamond_pickaxe":1,"minecraft:shield":3,"minecraft:stick":8,"minecraft:iron_ingot":82,"minecraft:iron_pickaxe":1},"minecraft:picked_up":{"minecraft:crafting_table":4,"gravestone:obituary":8,"minecraft:string":1,"iceandfire:sea_serpent_scales_bronze":5,"minecraft:cobbled_deepslate":757,"minecraft:beef":10,"minecraft:sugar_cane":2,"minecraft:furnace":2,"minecraft:raw_iron":69,"minecraft:stone":26,"minecraft:copper_ingot":2,"minecraft:porkchop":2,"werewolves:raw_silver":3,"minecraft:diorite":53,"minecraft:trident":1,"minecraft:redstone":49,"minecraft:prismarine_crystals":4,"travelersbackpack:iron":1,"minecraft:arrow":7,"minecraft:rotten_flesh":9,"iceandfire:chared_dirt":3,"minecraft:cobblestone":410,"iceandfire:sea_serpent_fang":2,"minecraft:andesite":19,"minecraft:leather":6,"biomesoplenty:fir_log":14,"minecraft:flint":1,"minecraft:tuff":120,"minecraft:oak_log":5,"iceandfire:ectoplasm":2,"minecraft:cobbled_deepslate_stairs":3,"minecraft:gunpowder":2,"minecraft:lapis_lazuli":53,"minecraft:dirt":67,"minecraft:bone":12,"minecraft:kelp":11,"minecraft:wheat_seeds":9,"biomesoplenty:fir_boat":10,"minecraft:raw_gold":65,"minecraft:oak_planks":18,"biomesoplenty:toadstool":4,"iceandfire:chared_stone":5,"iceandfire:ash":6,"minecraft:raw_iron_block":2,"minecraft:gravel":41,"minecraft:sand":2,"iceandfire:shiny_scales":3,"iceandfire:chared_cobblestone":2,"minecraft:purple_bed":3,"biomesoplenty:yellow_maple_sapling":1,"minecraft:diamond":76,"minecraft:granite":62,"minecraft:coal":83,"iceandfire:raw_silver":1},"minecraft:broken":{"minecraft:stone_pickaxe":2,"minecraft:shield":1,"minecraft:diamond_pickaxe":1,"minecraft:iron_axe":1,"minecraft:golden_pickaxe":1},"minecraft:killed":{"minecraft:spider":1,"minecraft:skeleton":6,"iceandfire:siren":1,"minecraft:drowned":9,"minecraft:pig":1,"minecraft:creeper":3,"alexsmobs:gelada_monkey":1,"minecraft:zombie":7,"iceandfire:ghost":3,"minecraft:cow":5,"iceandfire:sea_serpent":1},"minecraft:used":{"minecraft:shield":9,"minecraft:stone":26,"minecraft:iron_sword":12,"minecraft:cooked_chicken":14,"minecraft:iron_chestplate":1,"minecraft:dirt":44,"minecraft:diamond_helmet":1,"minecraft:tuff":22,"minecraft:granite":9,"minecraft:iron_axe":81,"minecraft:iron_helmet":1,"minecraft:iron_boots":1,"minecraft:diamond_chestplate":1,"minecraft:bow":1,"minecraft:furnace":3,"minecraft:cooked_beef":9,"minecraft:cobbled_deepslate":91,"minecraft:diorite":4,"minecraft:diamond_boots":1,"minecraft:stone_pickaxe":184,"biomesoplenty:fir_boat":13,"iceandfire:chared_dirt":2,"minecraft:crafting_table":5,"minecraft:diamond_pickaxe":1721,"minecraft:iron_pickaxe":235,"iceandfire:ash":1,"minecraft:diamond_sword":112,"minecraft:cobblestone":90,"minecraft:purple_bed":3,"minecraft:cooked_porkchop":6,"alexsmobs:animal_dictionary":1,"minecraft:oak_boat":1,"minecraft:diamond_leggings":1,"minecraft:golden_pickaxe":32},"minecraft:custom":{"minecraft:mob_kills":38,"minecraft:interact_with_crafting_table":15,"minecraft:leave_game":3,"minecraft:time_since_death":9467,"minecraft:sprint_one_cm":330904,"minecraft:walk_one_cm":266480,"minecraft:damage_blocked_by_shield":530,"minecraft:drop":12,"minecraft:play_time":197431,"minecraft:deaths":26,"minecraft:sneak_time":7323,"minecraft:walk_under_water_one_cm":74419,"minecraft:boat_one_cm":838352,"minecraft:jump":2897,"minecraft:walk_on_water_one_cm":101068,"minecraft:total_world_time":197431,"minecraft:interact_with_furnace":35,"minecraft:sleep_in_bed":1,"minecraft:time_since_rest":9498,"minecraft:damage_taken":8991,"minecraft:damage_dealt":8258,"minecraft:swim_one_cm":88295,"minecraft:fly_one_cm":635854,"minecraft:open_chest":68,"minecraft:crouch_one_cm":11884,"minecraft:fall_one_cm":68238},"minecraft:killed_by":{"minecraft:creeper":1,"iceandfire:sea_serpent":2,"iceandfire:ice_dragon":2,"minecraft:skeleton":1,"minecraft:zombie":1,"iceandfire:fire_dragon":17},"minecraft:mined":{"minecraft:diamond_ore":12,"minecraft:tuff":120,"iceandfire:silver_ore":3,"minecraft:deepslate_diamond_ore":64,"gravestone:gravestone":12,"minecraft:granite":62,"minecraft:grass_block":7,"iceandfire:chared_dirt":2,"minecraft:smooth_stone":1,"minecraft:raw_iron_block":2,"minecraft:furnace":2,"minecraft:iron_ore":14,"minecraft:cobbled_deepslate":1,"minecraft:fire":25,"minecraft:andesite":26,"minecraft:deepslate_lapis_ore":8,"minecraft:deepslate_iron_ore":57,"minecraft:stone":544,"iceandfire:chared_cobblestone":11,"minecraft:deepslate_redstone_ore":11,"minecraft:crafting_table":4,"minecraft:tall_grass":1,"minecraft:copper_ore":3,"minecraft:cobblestone":40,"minecraft:deepslate_gold_ore":65,"minecraft:diorite":63,"minecraft:purple_bed":3,"biomesoplenty:fir_log":14,"minecraft:grass":18,"minecraft:oak_log":5,"minecraft:coal_ore":87,"minecraft:gravel":44,"minecraft:dirt":46,"biomesoplenty:orange_maple_leaf_pile":1,"werewolves:silver_ore":3,"minecraft:deepslate":911,"iceandfire:chared_stone":9},"minecraft:dropped":{"minecraft:dirt":23,"minecraft:kelp":11}},"DataVersion":3465}