{"stats":{"minecraft:crafted":{"biomesoplenty:fir_planks":32,"minecraft:crafting_table":1,"minecraft:stick":4,"minecraft:iron_ingot":6,"minecraft:cooked_chicken":14,"minecraft:iron_pickaxe":1,"minecraft:stone_pickaxe":1,"minecraft:furnace":1,"minecraft:air":0},"minecraft:picked_up":{"minecraft:raw_iron":17,"minecraft:crafting_table":2,"minecraft:andesite":19,"minecraft:gravel":15,"biomesoplenty:fir_log":8,"minecraft:flint":1,"minecraft:diorite":37,"minecraft:dirt":11,"minecraft:diamond":16,"minecraft:cobbled_deepslate":72,"minecraft:granite":43,"minecraft:coal":83,"minecraft:cobblestone":109,"minecraft:furnace":1},"minecraft:killed":{"alexsmobs:gelada_monkey":1,"minecraft:zombie":1},"minecraft:broken":{"minecraft:stone_pickaxe":2},"minecraft:used":{"minecraft:stone_pickaxe":184,"minecraft:iron_axe":18,"minecraft:iron_pickaxe":235,"minecraft:cooked_chicken":3,"minecraft:dirt":3,"minecraft:cobblestone":8,"minecraft:crafting_table":2,"minecraft:furnace":1,"alexsmobs:animal_dictionary":1},"minecraft:custom":{"minecraft:time_since_rest":1698,"minecraft:interact_with_furnace":6,"minecraft:sprint_one_cm":56249,"minecraft:damage_taken":355,"minecraft:walk_one_cm":51687,"minecraft:mob_kills":2,"minecraft:damage_dealt":446,"minecraft:swim_one_cm":19902,"minecraft:interact_with_crafting_table":4,"minecraft:fly_one_cm":102746,"minecraft:open_chest":13,"minecraft:crouch_one_cm":1378,"minecraft:play_time":34855,"minecraft:deaths":1,"minecraft:sneak_time":1133,"minecraft:walk_under_water_one_cm":4310,"minecraft:jump":441,"minecraft:leave_game":1,"minecraft:time_since_death":1656,"minecraft:walk_on_water_one_cm":8481,"minecraft:sleep_in_bed":1,"minecraft:total_world_time":34855,"minecraft:fall_one_cm":10760},"minecraft:killed_by":{"minecraft:zombie":1},"minecraft:mined":{"minecraft:diamond_ore":9,"minecraft:furnace":1,"minecraft:deepslate_diamond_ore":7,"minecraft:iron_ore":11,"minecraft:andesite":19,"biomesoplenty:fir_log":8,"minecraft:crafting_table":2,"minecraft:granite":43,"minecraft:grass_block":1,"minecraft:coal_ore":83,"minecraft:deepslate_iron_ore":6,"minecraft:gravel":17,"minecraft:dirt":10,"minecraft:stone":110,"minecraft:diorite":37,"minecraft:deepslate":72}},"DataVersion":3465}