{"stats":{"minecraft:crafted":{"biomesoplenty:fir_planks":48,"minecraft:crafting_table":1,"minecraft:stick":4,"minecraft:iron_ingot":6,"minecraft:cooked_chicken":14,"minecraft:iron_pickaxe":1,"minecraft:stone_pickaxe":1,"minecraft:furnace":1,"minecraft:air":0},"minecraft:picked_up":{"minecraft:raw_iron":18,"minecraft:crafting_table":2,"minecraft:stone":26,"minecraft:andesite":19,"minecraft:gravel":15,"biomesoplenty:fir_log":14,"minecraft:flint":1,"minecraft:tuff":27,"minecraft:redstone":26,"minecraft:diorite":53,"minecraft:lapis_lazuli":53,"minecraft:dirt":27,"minecraft:diamond":35,"minecraft:cobbled_deepslate":225,"minecraft:raw_gold":10,"minecraft:granite":44,"minecraft:coal":83,"minecraft:cobblestone":148,"minecraft:furnace":1},"minecraft:killed":{"alexsmobs:gelada_monkey":1,"minecraft:zombie":1},"minecraft:broken":{"minecraft:stone_pickaxe":2,"minecraft:golden_pickaxe":1},"minecraft:used":{"minecraft:diorite":4,"minecraft:diamond_pickaxe":278,"minecraft:diamond_boots":1,"minecraft:stone_pickaxe":184,"minecraft:iron_axe":18,"minecraft:iron_pickaxe":235,"minecraft:stone":26,"minecraft:cooked_chicken":6,"minecraft:diamond_chestplate":1,"minecraft:diamond_sword":1,"minecraft:dirt":14,"minecraft:cobblestone":9,"minecraft:crafting_table":2,"minecraft:furnace":1,"minecraft:diamond_helmet":1,"alexsmobs:animal_dictionary":1,"minecraft:diamond_leggings":1,"minecraft:golden_pickaxe":32},"minecraft:custom":{"minecraft:time_since_rest":13698,"minecraft:interact_with_furnace":6,"minecraft:sprint_one_cm":60608,"minecraft:damage_taken":505,"minecraft:walk_one_cm":70671,"minecraft:mob_kills":2,"minecraft:damage_dealt":446,"minecraft:swim_one_cm":20352,"minecraft:interact_with_crafting_table":4,"minecraft:fly_one_cm":111686,"minecraft:open_chest":13,"minecraft:crouch_one_cm":2130,"minecraft:play_time":46855,"minecraft:deaths":1,"minecraft:sneak_time":1612,"minecraft:walk_under_water_one_cm":4371,"minecraft:jump":550,"minecraft:leave_game":1,"minecraft:time_since_death":13656,"minecraft:walk_on_water_one_cm":8791,"minecraft:sleep_in_bed":1,"minecraft:total_world_time":46855,"minecraft:fall_one_cm":13668},"minecraft:killed_by":{"minecraft:zombie":1},"minecraft:mined":{"minecraft:deepslate_redstone_ore":6,"minecraft:tuff":27,"minecraft:diamond_ore":9,"minecraft:furnace":1,"minecraft:deepslate_diamond_ore":26,"minecraft:iron_ore":11,"minecraft:andesite":19,"minecraft:deepslate_lapis_ore":8,"biomesoplenty:fir_log":14,"minecraft:crafting_table":2,"gravestone:gravestone":1,"minecraft:granite":44,"minecraft:grass":1,"minecraft:grass_block":3,"minecraft:coal_ore":83,"minecraft:deepslate_iron_ore":7,"minecraft:gravel":17,"minecraft:dirt":24,"minecraft:deepslate_gold_ore":10,"minecraft:stone":175,"minecraft:diorite":53,"minecraft:deepslate":226}},"DataVersion":3465}