{"stats":{"minecraft:used":{"alexsmobs:animal_dictionary":1},"minecraft:custom":{"minecraft:jump":216,"minecraft:open_chest":1,"minecraft:time_since_rest":6485,"minecraft:crouch_one_cm":138,"minecraft:damage_taken":105,"minecraft:sprint_one_cm":33894,"minecraft:play_time":6485,"minecraft:walk_on_water_one_cm":5986,"minecraft:time_since_death":6485,"minecraft:walk_one_cm":3634,"minecraft:sneak_time":43,"minecraft:total_world_time":6485,"minecraft:walk_under_water_one_cm":2815,"minecraft:swim_one_cm":19902,"minecraft:fall_one_cm":6954,"minecraft:fly_one_cm":64393}},"DataVersion":3465}