{"stats":{"minecraft:picked_up":{"minecraft:crafting_table":4,"minecraft:andesite":19,"minecraft:leather":6,"biomesoplenty:fir_log":14,"minecraft:flint":1,"minecraft:tuff":120,"minecraft:oak_log":5,"gravestone:obituary":8,"iceandfire:ectoplasm":1,"minecraft:cobbled_deepslate_stairs":3,"minecraft:gunpowder":2,"minecraft:dirt":67,"minecraft:lapis_lazuli":53,"minecraft:string":1,"minecraft:bone":12,"minecraft:wheat_seeds":8,"biomesoplenty:fir_boat":6,"minecraft:cobbled_deepslate":757,"minecraft:raw_gold":65,"minecraft:beef":10,"minecraft:oak_planks":18,"minecraft:furnace":2,"biomesoplenty:toadstool":4,"iceandfire:chared_stone":5,"minecraft:raw_iron":69,"minecraft:stone":26,"minecraft:copper_ingot":2,"iceandfire:ash":6,"minecraft:raw_iron_block":2,"minecraft:gravel":41,"minecraft:porkchop":2,"minecraft:sand":2,"werewolves:raw_silver":3,"minecraft:diorite":53,"minecraft:trident":1,"minecraft:redstone":49,"iceandfire:chared_cobblestone":2,"travelersbackpack:iron":1,"minecraft:arrow":7,"minecraft:purple_bed":2,"minecraft:rotten_flesh":9,"minecraft:diamond":76,"biomesoplenty:yellow_maple_sapling":1,"iceandfire:chared_dirt":3,"minecraft:granite":62,"minecraft:coal":83,"minecraft:cobblestone":410,"iceandfire:raw_silver":1},"minecraft:crafted":{"minecraft:cooked_beef":10,"minecraft:oak_planks":20,"minecraft:raw_iron":18,"biomesoplenty:fir_boat":2,"minecraft:cooked_porkchop":6,"minecraft:crafting_table":2,"minecraft:cooked_chicken":14,"minecraft:furnace":1,"minecraft:air":0,"biomesoplenty:fir_planks":56,"minecraft:oak_boat":1,"minecraft:diamond_pickaxe":1,"minecraft:shield":3,"minecraft:stick":8,"minecraft:iron_ingot":71,"minecraft:iron_pickaxe":1,"minecraft:stone_pickaxe":1},"minecraft:killed":{"minecraft:pig":1,"minecraft:spider":1,"minecraft:creeper":3,"minecraft:skeleton":6,"alexsmobs:gelada_monkey":1,"minecraft:zombie":7,"iceandfire:ghost":1,"minecraft:drowned":9,"minecraft:cow":5},"minecraft:broken":{"minecraft:stone_pickaxe":2,"minecraft:shield":1,"minecraft:diamond_pickaxe":1,"minecraft:iron_axe":1,"minecraft:golden_pickaxe":1},"minecraft:used":{"minecraft:diorite":4,"minecraft:diamond_boots":1,"minecraft:stone_pickaxe":184,"minecraft:shield":6,"minecraft:stone":26,"biomesoplenty:fir_boat":8,"minecraft:cooked_chicken":14,"iceandfire:chared_dirt":2,"minecraft:dirt":44,"minecraft:crafting_table":5,"minecraft:diamond_helmet":1,"minecraft:tuff":22,"minecraft:granite":9,"minecraft:diamond_pickaxe":1721,"minecraft:iron_pickaxe":235,"minecraft:iron_axe":71,"iceandfire:ash":1,"minecraft:diamond_chestplate":1,"minecraft:diamond_sword":76,"minecraft:cobblestone":90,"minecraft:purple_bed":2,"minecraft:furnace":3,"minecraft:cooked_porkchop":6,"minecraft:oak_boat":1,"alexsmobs:animal_dictionary":1,"minecraft:cooked_beef":7,"minecraft:diamond_leggings":1,"minecraft:cobbled_deepslate":91,"minecraft:golden_pickaxe":32},"minecraft:custom":{"minecraft:interact_with_furnace":32,"minecraft:mob_kills":34,"minecraft:interact_with_crafting_table":12,"minecraft:leave_game":2,"minecraft:time_since_death":28362,"minecraft:sleep_in_bed":1,"minecraft:time_since_rest":28381,"minecraft:damage_taken":8149,"minecraft:sprint_one_cm":295225,"minecraft:walk_one_cm":255776,"minecraft:damage_blocked_by_shield":305,"minecraft:drop":1,"minecraft:damage_dealt":6131,"minecraft:swim_one_cm":76009,"minecraft:fly_one_cm":542431,"minecraft:open_chest":49,"minecraft:crouch_one_cm":11884,"minecraft:play_time":178522,"minecraft:sneak_time":7323,"minecraft:deaths":24,"minecraft:walk_under_water_one_cm":39027,"minecraft:boat_one_cm":600317,"minecraft:jump":2626,"minecraft:walk_on_water_one_cm":69494,"minecraft:total_world_time":178522,"minecraft:fall_one_cm":61376},"minecraft:killed_by":{"iceandfire:ice_dragon":2,"minecraft:skeleton":1,"minecraft:creeper":1,"minecraft:zombie":1,"iceandfire:fire_dragon":17},"minecraft:mined":{"minecraft:deepslate_redstone_ore":11,"minecraft:diamond_ore":12,"minecraft:tuff":120,"iceandfire:silver_ore":3,"minecraft:deepslate_diamond_ore":64,"minecraft:crafting_table":4,"minecraft:granite":62,"gravestone:gravestone":12,"minecraft:grass_block":7,"minecraft:copper_ore":3,"minecraft:tall_grass":1,"minecraft:cobblestone":40,"iceandfire:chared_dirt":2,"minecraft:deepslate_gold_ore":65,"minecraft:diorite":63,"minecraft:smooth_stone":1,"minecraft:purple_bed":2,"minecraft:raw_iron_block":2,"minecraft:furnace":2,"minecraft:iron_ore":14,"minecraft:fire":25,"minecraft:cobbled_deepslate":1,"minecraft:andesite":26,"minecraft:deepslate_lapis_ore":8,"biomesoplenty:fir_log":14,"minecraft:grass":14,"minecraft:oak_log":5,"minecraft:coal_ore":87,"minecraft:deepslate_iron_ore":57,"minecraft:gravel":44,"minecraft:dirt":46,"biomesoplenty:orange_maple_leaf_pile":1,"minecraft:stone":544,"minecraft:deepslate":911,"iceandfire:chared_stone":9,"werewolves:silver_ore":3,"iceandfire:chared_cobblestone":11},"minecraft:dropped":{"minecraft:dirt":23}},"DataVersion":3465}