{"stats":{"minecraft:mined":{"minecraft:grass_block":1,"minecraft:dirt":3},"minecraft:custom":{"minecraft:jump":47,"minecraft:time_since_rest":5946,"minecraft:leave_game":1,"minecraft:crouch_one_cm":20,"minecraft:sprint_one_cm":5111,"minecraft:play_time":5946,"minecraft:time_since_death":5946,"minecraft:walk_one_cm":3116,"minecraft:sneak_time":1,"minecraft:total_world_time":5946,"minecraft:fall_one_cm":418,"minecraft:fly_one_cm":8116},"minecraft:picked_up":{"minecraft:dirt":4},"minecraft:used":{"alexsmobs:animal_dictionary":1,"minecraft:dirt":2}},"DataVersion":3465}