{"stats":{"minecraft:mined":{"minecraft:diamond_ore":1,"minecraft:tuff":88,"minecraft:white_bed":1,"iceandfire:silver_ore":1,"minecraft:mossy_cobblestone":1,"minecraft:deepslate_diamond_ore":131,"minecraft:granite":27,"minecraft:grass_block":5,"minecraft:furnace":8,"minecraft:iron_ore":49,"minecraft:cobbled_deepslate":2,"biomesoplenty:lavender":2,"minecraft:andesite":9,"minecraft:deepslate_lapis_ore":16,"minecraft:deepslate_iron_ore":31,"minecraft:stone":280,"minecraft:deepslate_redstone_ore":24,"biomesoplenty:maple_log":7,"minecraft:crafting_table":13,"minecraft:torch":8,"minecraft:tall_grass":3,"minecraft:cobblestone":12,"minecraft:deepslate_coal_ore":1,"minecraft:deepslate_gold_ore":36,"minecraft:lapis_ore":3,"minecraft:sugar_cane":9,"minecraft:diorite":19,"minecraft:wall_torch":4,"minecraft:purple_bed":5,"minecraft:grass":11,"minecraft:coal_ore":87,"minecraft:oak_log":4,"werewolves:deepslate_silver_ore":9,"minecraft:sand":34,"minecraft:gravel":20,"minecraft:dirt":8,"biomesoplenty:orange_maple_leaf_pile":1,"minecraft:gold_ore":6,"minecraft:deepslate":934,"werewolves:silver_ore":4},"minecraft:used":{"minecraft:stone_sword":12,"minecraft:iron_shovel":5,"minecraft:shield":6,"minecraft:torch":13,"minecraft:dirt":10,"minecraft:tuff":78,"minecraft:iron_axe":7,"minecraft:diamond_chestplate":1,"minecraft:furnace":9,"minecraft:cobbled_deepslate":90,"minecraft:cooked_mutton":10,"minecraft:diamond_boots":1,"minecraft:stone_pickaxe":209,"minecraft:wooden_pickaxe":64,"minecraft:diamond_axe":26,"minecraft:crafting_table":16,"minecraft:white_bed":1,"minecraft:diamond_pickaxe":1283,"minecraft:diamond_shovel":36,"minecraft:iron_pickaxe":250,"minecraft:stone_axe":1,"minecraft:cobblestone":160,"minecraft:purple_bed":6,"minecraft:porkchop":2,"minecraft:andesite":7,"alexsmobs:animal_dictionary":1,"minecraft:diamond_leggings":1},"minecraft:picked_up":{"minecraft:crafting_table":13,"minecraft:cobbled_deepslate":922,"minecraft:sugar_cane":18,"minecraft:furnace":9,"minecraft:raw_iron":80,"minecraft:torch":11,"minecraft:porkchop":6,"werewolves:raw_silver":11,"minecraft:diorite":18,"minecraft:redstone":108,"minecraft:mutton":11,"minecraft:white_wool":11,"minecraft:cobblestone":254,"biomesoplenty:lavender":2,"minecraft:andesite":9,"minecraft:leather":4,"minecraft:flint":6,"minecraft:tuff":88,"minecraft:oak_log":8,"minecraft:lapis_lazuli":130,"minecraft:dirt":20,"minecraft:bone":2,"minecraft:wheat_seeds":4,"minecraft:raw_gold":42,"biomesoplenty:maple_log":7,"minecraft:dandelion":2,"minecraft:gravel":11,"minecraft:sand":31,"minecraft:white_bed":1,"minecraft:mossy_cobblestone":1,"minecraft:purple_bed":5,"minecraft:diamond":131,"minecraft:granite":15,"minecraft:coal":170,"iceandfire:raw_silver":1},"minecraft:broken":{"minecraft:wooden_pickaxe":1,"minecraft:stone_pickaxe":1,"minecraft:iron_pickaxe":1},"minecraft:killed":{"minecraft:horse":3,"minecraft:skeleton":2,"minecraft:pig":2,"minecraft:sheep":7},"minecraft:crafted":{"minecraft:oak_planks":16,"minecraft:raw_iron":45,"minecraft:coal":9,"minecraft:purple_bed":1,"biomesoplenty:maple_planks":28,"minecraft:furnace":1,"minecraft:diamond_shovel":1,"minecraft:cooked_mutton":10,"minecraft:diamond_block":11,"travelersbackpack:white_sleeping_bag":1,"minecraft:diamond_helmet":1,"minecraft:diamond_leggings":1,"minecraft:iron_axe":1,"minecraft:stone_pickaxe":2,"minecraft:diamond_boots":1,"minecraft:redstone_block":12,"minecraft:raw_iron_block":5,"minecraft:coal_block":5,"minecraft:diamond_axe":1,"minecraft:crafting_table":3,"minecraft:wooden_pickaxe":1,"werewolves:silver_ingot":10,"minecraft:gold_block":4,"minecraft:bucket":1,"minecraft:stone_axe":1,"minecraft:air":0,"minecraft:purple_dye":2,"minecraft:diamond_pickaxe":1,"minecraft:shield":1,"minecraft:stick":32,"minecraft:iron_ingot":80,"minecraft:iron_pickaxe":1,"minecraft:stone_sword":1,"minecraft:iron_block":6,"minecraft:iron_shovel":1,"minecraft:gold_ingot":36,"minecraft:white_bed":1,"minecraft:torch":36,"minecraft:lapis_block":14,"minecraft:diamond_chestplate":1},"minecraft:dropped":{"iceandfire:raw_silver":1,"minecraft:wheat_seeds":4,"minecraft:lapis_lazuli":4,"minecraft:oak_log":4,"minecraft:mossy_cobblestone":1,"minecraft:cobblestone":20,"minecraft:granite":15,"minecraft:purple_dye":1,"minecraft:coal":2,"minecraft:flint":6,"minecraft:dirt":10,"minecraft:diorite":18,"minecraft:iron_shovel":1,"minecraft:white_wool":4,"minecraft:dandelion":2,"minecraft:bone":2,"minecraft:gravel":11,"minecraft:furnace":1,"minecraft:stone_axe":1,"minecraft:sugar_cane":18,"minecraft:stone_sword":1,"minecraft:tuff":10,"werewolves:raw_silver":1,"minecraft:oak_planks":2,"minecraft:andesite":2,"minecraft:stone_pickaxe":1},"minecraft:killed_by":{"iceandfire:ghost":1},"minecraft:custom":{"minecraft:mob_kills":14,"minecraft:interact_with_crafting_table":53,"minecraft:leave_game":2,"minecraft:time_since_death":138922,"minecraft:sprint_one_cm":149698,"minecraft:walk_one_cm":216249,"minecraft:damage_blocked_by_shield":84,"minecraft:drop":44,"minecraft:play_time":146432,"minecraft:deaths":1,"minecraft:sneak_time":3618,"minecraft:walk_under_water_one_cm":3352,"minecraft:jump":1124,"minecraft:walk_on_water_one_cm":7066,"minecraft:total_world_time":146432,"minecraft:interact_with_furnace":57,"minecraft:sleep_in_bed":6,"minecraft:time_since_rest":11473,"minecraft:damage_taken":706,"minecraft:trigger_trapped_chest":1,"minecraft:damage_dealt":1902,"minecraft:swim_one_cm":12359,"minecraft:fly_one_cm":184704,"minecraft:open_chest":1,"minecraft:crouch_one_cm":4940,"minecraft:fall_one_cm":22440}},"DataVersion":3465}