{"stats":{"minecraft:mined":{"minecraft:diamond_ore":1,"minecraft:deepslate_redstone_ore":24,"biomesoplenty:maple_log":7,"minecraft:tuff":88,"minecraft:white_bed":1,"iceandfire:silver_ore":1,"minecraft:mossy_cobblestone":1,"minecraft:deepslate_diamond_ore":131,"minecraft:crafting_table":9,"minecraft:torch":6,"minecraft:granite":17,"minecraft:grass_block":4,"minecraft:tall_grass":3,"minecraft:cobblestone":6,"minecraft:lapis_ore":3,"minecraft:deepslate_gold_ore":36,"minecraft:sugar_cane":9,"minecraft:diorite":11,"minecraft:wall_torch":4,"minecraft:purple_bed":3,"minecraft:furnace":4,"minecraft:cobbled_deepslate":2,"minecraft:iron_ore":44,"biomesoplenty:lavender":2,"minecraft:andesite":9,"minecraft:deepslate_lapis_ore":14,"werewolves:deepslate_silver_ore":8,"minecraft:grass":10,"minecraft:oak_log":4,"minecraft:coal_ore":61,"minecraft:deepslate_iron_ore":31,"minecraft:gravel":20,"minecraft:dirt":7,"biomesoplenty:orange_maple_leaf_pile":1,"werewolves:silver_ore":4,"minecraft:stone":194,"minecraft:gold_ore":6,"minecraft:deepslate":859},"minecraft:used":{"minecraft:cooked_mutton":5,"minecraft:diamond_boots":1,"minecraft:stone_sword":12,"minecraft:iron_shovel":5,"minecraft:stone_pickaxe":209,"minecraft:wooden_pickaxe":64,"minecraft:torch":10,"minecraft:dirt":10,"minecraft:crafting_table":12,"minecraft:white_bed":1,"minecraft:tuff":78,"minecraft:diamond_pickaxe":1059,"minecraft:iron_axe":5,"minecraft:iron_pickaxe":250,"minecraft:stone_axe":1,"minecraft:diamond_chestplate":1,"minecraft:cobblestone":64,"minecraft:purple_bed":3,"minecraft:furnace":5,"minecraft:andesite":7,"alexsmobs:animal_dictionary":1,"minecraft:diamond_leggings":1,"minecraft:cobbled_deepslate":90},"minecraft:picked_up":{"biomesoplenty:lavender":2,"minecraft:crafting_table":9,"minecraft:andesite":9,"minecraft:flint":2,"minecraft:tuff":88,"minecraft:oak_log":8,"minecraft:lapis_lazuli":119,"minecraft:dirt":14,"minecraft:bone":2,"minecraft:wheat_seeds":4,"minecraft:cobbled_deepslate":860,"minecraft:raw_gold":42,"biomesoplenty:maple_log":7,"minecraft:sugar_cane":18,"minecraft:furnace":4,"minecraft:raw_iron":75,"minecraft:torch":8,"minecraft:dandelion":2,"minecraft:gravel":11,"werewolves:raw_silver":10,"minecraft:diorite":18,"minecraft:white_bed":1,"minecraft:redstone":108,"minecraft:mossy_cobblestone":1,"minecraft:purple_bed":3,"minecraft:diamond":131,"minecraft:granite":11,"minecraft:mutton":11,"minecraft:coal":104,"minecraft:white_wool":7,"iceandfire:raw_silver":1,"minecraft:cobblestone":156},"minecraft:killed":{"minecraft:sheep":7,"minecraft:skeleton":1},"minecraft:broken":{"minecraft:stone_pickaxe":1,"minecraft:iron_pickaxe":1,"minecraft:wooden_pickaxe":1},"minecraft:crafted":{"minecraft:oak_planks":8,"minecraft:diamond_axe":1,"minecraft:crafting_table":3,"minecraft:purple_bed":1,"minecraft:wooden_pickaxe":1,"biomesoplenty:maple_planks":28,"minecraft:furnace":1,"minecraft:gold_block":4,"minecraft:diamond_shovel":1,"minecraft:stone_axe":1,"minecraft:cooked_mutton":10,"minecraft:air":0,"minecraft:diamond_block":11,"minecraft:diamond_helmet":1,"minecraft:diamond_leggings":1,"minecraft:diamond_pickaxe":1,"minecraft:purple_dye":2,"minecraft:iron_axe":1,"minecraft:stick":32,"minecraft:iron_ingot":36,"minecraft:stone_pickaxe":2,"minecraft:iron_pickaxe":1,"minecraft:iron_block":3,"minecraft:gold_ingot":36,"minecraft:stone_sword":1,"minecraft:diamond_boots":1,"minecraft:iron_shovel":1,"minecraft:white_bed":1,"minecraft:redstone_block":12,"minecraft:torch":36,"minecraft:lapis_block":12,"minecraft:diamond_chestplate":1},"minecraft:dropped":{"minecraft:gravel":11,"iceandfire:raw_silver":1,"minecraft:stone_axe":1,"minecraft:wheat_seeds":4,"minecraft:lapis_lazuli":3,"minecraft:oak_log":4,"minecraft:stone_sword":1,"minecraft:mossy_cobblestone":1,"minecraft:tuff":10,"minecraft:granite":11,"minecraft:purple_dye":1,"minecraft:flint":1,"minecraft:dirt":4,"minecraft:diorite":18,"minecraft:andesite":2,"minecraft:stone_pickaxe":1,"minecraft:dandelion":2,"minecraft:bone":2},"minecraft:killed_by":{"iceandfire:ghost":1},"minecraft:custom":{"minecraft:interact_with_furnace":38,"minecraft:mob_kills":8,"minecraft:interact_with_crafting_table":34,"minecraft:leave_game":2,"minecraft:time_since_death":102922,"minecraft:sleep_in_bed":4,"minecraft:time_since_rest":14017,"minecraft:sprint_one_cm":97802,"minecraft:damage_taken":450,"minecraft:walk_one_cm":172033,"minecraft:trigger_trapped_chest":1,"minecraft:drop":21,"minecraft:damage_dealt":752,"minecraft:swim_one_cm":9976,"minecraft:fly_one_cm":82156,"minecraft:open_chest":1,"minecraft:crouch_one_cm":4554,"minecraft:play_time":110432,"minecraft:sneak_time":3404,"minecraft:deaths":1,"minecraft:walk_under_water_one_cm":1706,"minecraft:jump":664,"minecraft:walk_on_water_one_cm":5846,"minecraft:total_world_time":110432,"minecraft:fall_one_cm":8385}},"DataVersion":3465}