{"stats":{"minecraft:crafted":{"minecraft:oak_planks":152,"travelersbackpack:crafting_upgrade":1,"minecraft:purple_bed":1,"iceandfire:tide_purple_boots":1,"minecraft:cobblestone_stairs":8,"biomesoplenty:maple_boat":1,"travelersbackpack:bat":2,"iceandfire:tide_purple_helmet":1,"minecraft:quartz_block":5,"minecraft:glass":180,"minecraft:hopper":2,"minecraft:diamond_helmet":1,"minecraft:bow":2,"minecraft:iron_boots":3,"vampirism:altar_inspiration":1,"minecraft:chest":3,"vampirism:blood_grinder":2,"minecraft:glass_bottle":12,"travelersbackpack:iron_tier_upgrade":1,"minecraft:cauldron":2,"minecraft:crafting_table":15,"iceandfire:blindfold":1,"minecraft:iron_helmet":1,"vampirism:umbrella":1,"iceandfire:armor_green_chestplate":1,"biomesoplenty:fir_planks":64,"iceandfire:dragonbone_sword_ice":1,"minecraft:iron_chestplate":2,"minecraft:diamond_pickaxe":1,"minecraft:purple_dye":3,"minecraft:shield":1,"minecraft:stick":68,"minecraft:iron_pickaxe":1,"minecraft:iron_ingot":124,"vampirism:coffin_white":1,"minecraft:gold_ingot":45,"minecraft:purple_wool":3,"iceandfire:armor_green_leggings":1,"iceandfire:dragonbone_sword_fire":1,"biomesoplenty:maple_planks":84,"minecraft:furnace":3,"travelersbackpack:blank_upgrade":4,"minecraft:glass_pane":16,"vampirism:injection_empty":6,"vampirism:blood_sieve":2,"travelersbackpack:white_sleeping_bag":1,"minecraft:iron_axe":2,"minecraft:cobbled_deepslate_stairs":36,"minecraft:cooked_beef":3,"iceandfire:dragonbone_sword":2,"minecraft:diamond_sword":1,"biomesoplenty:fir_boat":1,"biomesoplenty:redwood_planks":96,"travelersbackpack:backpack_tank":4,"iceandfire:tide_trident":1,"minecraft:iron_sword":3,"minecraft:bucket":1,"minecraft:air":0,"minecraft:oak_boat":1,"minecraft:white_wool":9,"minecraft:iron_shovel":2,"minecraft:iron_leggings":4,"minecraft:white_bed":2,"vampirism:blood_container":5,"minecraft:torch":64,"minecraft:diamond_chestplate":1},"minecraft:broken":{"minecraft:iron_shovel":1,"minecraft:iron_boots":1,"minecraft:golden_shovel":1,"minecraft:iron_leggings":2,"minecraft:iron_sword":3,"minecraft:diamond_chestplate":1,"minecraft:shield":1,"minecraft:iron_pickaxe":2,"minecraft:iron_helmet":1},"minecraft:custom":{"minecraft:animals_bred":21,"minecraft:interact_with_crafting_table":113,"minecraft:open_barrel":5,"minecraft:leave_game":13,"minecraft:time_since_death":58081,"minecraft:damage_resisted":117,"minecraft:sprint_one_cm":2376703,"minecraft:damage_blocked_by_shield":1822,"minecraft:drop":499,"vampirism:interact_with_coffin":5,"vampirism:interact_with_totem":1,"minecraft:talked_to_villager":2,"minecraft:play_time":674383,"minecraft:deaths":48,"minecraft:jump":8456,"vampirism:interact_with_blood_grinder":9,"minecraft:walk_on_water_one_cm":321546,"vampirism:altar_of_inspiration_rituals_performed":20,"minecraft:interact_with_furnace":72,"vampirism:interact_with_research_table":1,"vampirism:action_used_bat":18,"minecraft:sleep_in_bed":14,"vampirism:actions_used":31,"minecraft:waystone_activated":4,"vampirism:action_used_regen":13,"minecraft:damage_dealt":59294,"minecraft:player_kills":1,"minecraft:crouch_one_cm":27992,"minecraft:interact_with_smithing_table":9,"minecraft:mob_kills":254,"vampirism:action_time_bat":11997,"minecraft:damage_dealt_resisted":3942,"minecraft:climb_one_cm":688,"vampirism:amount_bitten":590,"minecraft:walk_one_cm":1558716,"vampirism:action_time_regen":4920,"vampirism:skills_unlocked":60,"vampirism:interact_with_altar_inspiration":43,"minecraft:sneak_time":12575,"minecraft:walk_under_water_one_cm":219075,"minecraft:boat_one_cm":331071,"minecraft:total_world_time":674383,"vampirism:blood_drunk":194600,"vampirism:interact_with_injection_chair":2,"minecraft:time_since_rest":26729,"vampirism:resurrected":8,"minecraft:damage_taken":1896454,"minecraft:trigger_trapped_chest":2,"minecraft:swim_one_cm":493257,"minecraft:fly_one_cm":1806594,"minecraft:open_chest":189,"minecraft:fall_one_cm":218267},"minecraft:used":{"iceandfire:tide_trident":1,"minecraft:iron_shovel":326,"iceandfire:dragon_skull_ice":1,"minecraft:poppy":2,"vampirism:altar_infusion":1,"minecraft:shield":100,"minecraft:iron_sword":753,"vampirism:blood_container":11,"minecraft:rotten_flesh":13,"minecraft:iron_chestplate":1,"biomesoplenty:yellow_maple_sapling":1,"vampirism:coffin_white":3,"minecraft:obsidian":1,"minecraft:lava_bucket":62,"minecraft:iron_helmet":1,"vampirism:blood_sieve":2,"minecraft:stone_bricks":5,"minecraft:bow":43,"minecraft:oak_sapling":1,"minecraft:furnace":10,"minecraft:egg":3,"minecraft:mossy_stone_bricks":2,"iceandfire:dragonbone_sword_ice":2,"minecraft:oak_planks":22,"biomesoplenty:maple_planks":45,"minecraft:sandstone":11,"vampirism:human_heart":14,"biomesoplenty:fir_planks":5,"biomesoplenty:fir_boat":1,"minecraft:sugar_cane":1,"minecraft:white_wool":6,"minecraft:sand":11,"minecraft:crossbow":3,"minecraft:cobbled_deepslate_stairs":40,"waystones:waystone":2,"minecraft:crying_obsidian":3,"werewolves:stone_altar_fire_bowl":1,"minecraft:bread":3,"vampirism:altar_pillar":11,"minecraft:gravel":2,"minecraft:diamond_sword":174,"iceandfire:dragon_skull_fire":1,"minecraft:oak_boat":2,"minecraft:experience_bottle":3,"biomesoplenty:maple_boat":2,"vampirism:heart_seeker_enhanced":11,"biomesoplenty:redwood_planks":47,"travelersbackpack:bat":9,"minecraft:dirt":20,"iceandfire:frost_lily":3,"minecraft:torch":57,"iceandfire:copper_sword":106,"minecraft:golden_shovel":34,"minecraft:iron_axe":117,"minecraft:iron_boots":2,"iceandfire:dragon_ice":2,"minecraft:basalt":1,"minecraft:cooked_beef":3,"minecraft:cobbled_deepslate":33,"minecraft:powder_snow_bucket":4,"minecraft:iron_leggings":3,"minecraft:wheat_seeds":45,"minecraft:water_bucket":76,"vampirism:altar_inspiration":2,"minecraft:cobblestone_stairs":11,"iceandfire:pixie_house_spruce":1,"minecraft:glass_bottle":5,"vampirism:blood_grinder":4,"minecraft:crafting_table":27,"minecraft:white_bed":3,"mowziesmobs:wrought_axe":230,"minecraft:diamond_pickaxe":168,"minecraft:iron_pickaxe":747,"iceandfire:graveyard_soil":4,"iceandfire:ash":1,"vampirism:altar_tip":3,"minecraft:stone_axe":41,"minecraft:potion":5,"minecraft:cobblestone":142,"minecraft:purple_bed":6,"minecraft:cooked_porkchop":5,"minecraft:bucket":153,"minecraft:wither_rose":2},"minecraft:dropped":{"biomesoplenty:fir_log":1,"minecraft:soul_sand":14,"minecraft:porkchop":16,"minecraft:brown_mushroom":2,"biomesoplenty:red_maple_sapling":1,"minecraft:cooked_beef":11,"minecraft:glass_bottle":21,"minecraft:crafting_table":3,"minecraft:cooked_porkchop":8,"vampirism:heart_seeker_enhanced":2,"iceandfire:chared_dirt":1,"minecraft:leather":16,"iceandfire:ectoplasm":2,"iceandfire:gorgon_head":1,"biomesoplenty:orange_maple_sapling":2,"minecraft:flint":1,"minecraft:gold_block":1,"minecraft:dirt":102,"vampirism:injection_empty":6,"minecraft:mutton":57,"minecraft:chain":2,"gravestone:obituary":64,"minecraft:sand":173,"minecraft:polished_blackstone_bricks":1,"iceandfire:fire_dragon_blood":1,"werewolves:wolfsbane":1,"minecraft:sugar":1,"minecraft:iron_pickaxe":3,"alexsmobs:raccoon_tail":1,"minecraft:white_wool":13,"minecraft:bone":15,"minecraft:gold_ingot":91,"minecraft:gravel":65,"minecraft:stone_axe":1,"minecraft:sugar_cane":5,"minecraft:cobbled_deepslate":386,"minecraft:nether_brick":12,"minecraft:wheat":7,"minecraft:obsidian":2,"minecraft:rotten_flesh":16,"werewolves:raw_silver":2,"minecraft:oak_planks":2,"minecraft:carrot":1,"werewolves:dream_catcher":1,"minecraft:poppy":1,"werewolves:bone_necklace":1,"iceandfire:ghost_chest":2,"iceandfire:armor_silver_metal_boots":1,"minecraft:gunpowder":4,"iceandfire:pixie_dust":16,"minecraft:chest":4,"minecraft:glass":46,"minecraft:beef":24,"minecraft:netherrack":8,"iceandfire:manuscript":2,"vampirism:item_garlic":2,"iceandfire:dragonbone_sword":1,"minecraft:water_bucket":1,"minecraft:bread":3,"minecraft:oak_slab":1,"biomesoplenty:jacaranda_sapling":2,"iceandfire:pixie_house_mushroom_red":1,"minecraft:wheat_seeds":90,"biomesoplenty:maple_door":2,"minecraft:cobbled_deepslate_stairs":1,"vampirism:pure_salt":3,"biomesoplenty:lavender":34,"minecraft:feather":3,"minecraft:cobblestone":41,"minecraft:spectral_arrow":1,"iceandfire:frozen_gravel":1,"minecraft:amethyst_block":4,"minecraft:apple":3,"minecraft:granite":5,"minecraft:coal":8,"minecraft:stick":23,"vampirism:purified_garlic":7,"iceandfire:podium_spruce":1,"minecraft:diorite":27,"minecraft:ink_sac":2,"werewolves:cracked_bone":4,"alexsmobs:dropbear_claw":4,"minecraft:rabbit":3,"minecraft:diamond_helmet":3,"minecraft:iron_leggings":2,"werewolves:liver":7,"minecraft:pumpkin":3,"minecraft:iron_axe":1,"minecraft:paper":6,"minecraft:string":42,"vampirism:garlic_bread":1,"minecraft:redstone":1,"iceandfire:frozen_cobblestone":1,"iceandfire:silver_nugget":42,"minecraft:furnace":1,"minecraft:raw_copper":9,"minecraft:tuff":8,"alexsmobs:pigshoes":2,"minecraft:raw_iron":9,"iceandfire:witherbone":2,"minecraft:chicken":3,"minecraft:clay_ball":4,"minecraft:iron_boots":4,"iceandfire:dragon_skull_ice":1,"minecraft:glass_pane":10,"minecraft:filled_map":1,"iceandfire:dragon_ice":1,"minecraft:diamond_sword":2,"biomesoplenty:fir_planks":3,"iceandfire:copper_sword":1,"minecraft:iron_chestplate":3,"minecraft:diamond_pickaxe":1,"minecraft:andesite":16,"iceandfire:silver_ingot":7,"minecraft:mossy_stone_bricks":6,"minecraft:oak_sapling":3,"minecraft:spider_eye":4,"minecraft:stone_bricks":2,"minecraft:bow":2},"minecraft:mined":{"minecraft:white_bed":1,"iceandfire:graveyard_soil":14,"minecraft:cobbled_deepslate_stairs":4,"minecraft:cobblestone_stairs":3,"biomesoplenty:red_maple_leaves":2,"minecraft:granite":5,"minecraft:budding_amethyst":1,"minecraft:grass_block":30,"minecraft:oxeye_daisy":1,"minecraft:spawner":5,"minecraft:tall_seagrass":1,"minecraft:polished_blackstone_bricks":4,"minecraft:iron_ore":42,"minecraft:fire":10,"biomesoplenty:lavender":3,"minecraft:pumpkin":6,"werewolves:stone_altar_fire_bowl":1,"biomesoplenty:redwood_log":8,"minecraft:dirt_path":1,"minecraft:iron_bars":1,"biomesoplenty:yellow_maple_leaves":1,"minecraft:small_amethyst_bud":1,"iceandfire:pixie_house_spruce":1,"biomesoplenty:maple_log":33,"minecraft:amethyst_cluster":4,"minecraft:powder_snow":7,"iceandfire:dragon_ice_spikes":2,"minecraft:torch":1,"vampirism:blood_grinder":2,"minecraft:calcite":2,"iceandfire:ghost_chest":2,"minecraft:chest":4,"iceandfire:frozen_dirt":2,"minecraft:nether_quartz_ore":13,"minecraft:cobblestone":18,"minecraft:oak_planks":3,"minecraft:amethyst_block":4,"minecraft:skeleton_skull":2,"minecraft:wheat":45,"biomesoplenty:fir_log":9,"minecraft:wither_rose":2,"minecraft:grass":46,"minecraft:oak_log":36,"minecraft:sand":291,"minecraft:dirt":68,"minecraft:smooth_basalt":1,"minecraft:deepslate":308,"minecraft:netherrack":11,"minecraft:oak_leaves":15,"minecraft:diamond_ore":1,"minecraft:tuff":20,"minecraft:deepslate_diamond_ore":22,"vampirism:altar_inspiration":1,"iceandfire:frozen_cobblestone":2,"vampirism:altar_pillar":11,"gravestone:gravestone":36,"vampirism:vampire_orchid":6,"iceandfire:dragon_ice":2,"biomesoplenty:dune_grass":2,"minecraft:sandstone":3,"biomesoplenty:tundra_shrub":1,"minecraft:large_fern":2,"travelersbackpack:bat":3,"minecraft:furnace":7,"minecraft:snow":1,"minecraft:andesite":16,"minecraft:gold_block":1,"biomesoplenty:sea_oats":7,"vampirism:altar_infusion":1,"minecraft:deepslate_iron_ore":22,"minecraft:vine":1,"minecraft:packed_ice":1,"iceandfire:frost_lily":6,"minecraft:stone":261,"iceandfire:podium_spruce":1,"minecraft:oak_slab":1,"biomesoplenty:redwood_planks":8,"minecraft:glass_pane":1,"vampirism:dark_stone":17,"minecraft:basalt":1,"minecraft:oak_fence":3,"iceandfire:frozen_gravel":2,"minecraft:crafting_table":14,"vampirism:coffin_white":2,"minecraft:tall_grass":6,"biomesoplenty:sprout":1,"minecraft:diorite":27,"minecraft:purple_bed":5,"minecraft:coarse_dirt":1,"minecraft:stripped_spruce_wood":1,"iceandfire:pixie_house_mushroom_red":1,"minecraft:coal_ore":39,"biomesoplenty:fir_leaves":1,"minecraft:gravel":40,"minecraft:cobweb":31,"biomesoplenty:orange_maple_leaf_pile":2,"minecraft:stone_bricks":3,"minecraft:mossy_stone_bricks":4,"biomesoplenty:redwood_wood":17,"minecraft:fern":3,"vampirism:altar_tip":3},"minecraft:picked_up":{"minecraft:iron_chestplate":6,"minecraft:wheat":48,"travelersbackpack:bat":11,"iceandfire:copper_sword":1,"minecraft:lead":2,"minecraft:diamond_sword":3,"biomesoplenty:red_maple_sapling":1,"minecraft:wither_rose":2,"minecraft:potion":3,"minecraft:nether_brick":12,"vampirism:pure_salt_water":2,"minecraft:amethyst_block":4,"iceandfire:armor_silver_metal_chestplate":1,"iceandfire:manuscript":2,"minecraft:string":85,"minecraft:raw_copper":9,"minecraft:iron_leggings":2,"biomesoplenty:maple_door":2,"vampirism:obi_belt":1,"alexsmobs:dropbear_claw":4,"biomesoplenty:fir_planks":27,"minecraft:cobbled_deepslate":414,"minecraft:bucket":3,"iceandfire:frost_lily":6,"vampirism:garlic_bread":1,"minecraft:iron_pickaxe":10,"alexsmobs:raccoon_tail":3,"iceandfire:frozen_gravel":1,"biomesoplenty:redwood_wood":55,"minecraft:iron_boots":5,"minecraft:furnace":8,"iceandfire:pixie_dust":16,"minecraft:stick":115,"iceandfire:ghost_chest":2,"minecraft:oak_fence":2,"werewolves:liver":16,"minecraft:torch":63,"minecraft:porkchop":16,"biomesoplenty:orange_maple_sapling":2,"werewolves:wolfsbane":1,"vampirism:vampire_fang":14,"minecraft:diorite":27,"vampirism:amulet":2,"minecraft:golden_chestplate":1,"vampirism:blood_bottle":10,"minecraft:rotten_flesh":30,"iceandfire:fire_dragon_heart":1,"minecraft:iron_block":1,"vampirism:purified_garlic":7,"vampirism:blood_grinder":2,"minecraft:obsidian":3,"minecraft:iron_bars":1,"vampirism:heart_seeker_enhanced":1,"alexsmobs:lobster_tail":1,"minecraft:cobblestone":365,"biomesoplenty:lavender":37,"minecraft:feather":3,"minecraft:cooked_beef":14,"minecraft:water_bucket":3,"minecraft:andesite":16,"minecraft:potato":4,"biomesoplenty:fir_log":11,"minecraft:flint":1,"minecraft:tuff":8,"minecraft:stripped_spruce_wood":2,"biomesoplenty:maple_boat":1,"minecraft:dirt":126,"iceandfire:ice_dragon_blood":1,"minecraft:glass":23,"minecraft:bone":66,"minecraft:bow":1,"minecraft:wheat_seeds":133,"vampirism:altar_pillar":11,"vampirism:item_garlic":2,"minecraft:mossy_stone_bricks":8,"minecraft:diamond_helmet":2,"minecraft:oak_planks":29,"minecraft:cooked_porkchop":8,"iceandfire:podium_spruce":1,"vampirism:ring":1,"iceandfire:dragon_skull_fire":1,"iceandfire:shiny_scales":4,"minecraft:sand":428,"minecraft:ink_sac":2,"minecraft:spectral_arrow":91,"alexsmobs:animal_dictionary":2,"minecraft:sugar":1,"minecraft:diamond":28,"waystones:waystone":2,"iceandfire:dragon_ice":3,"minecraft:granite":5,"minecraft:bread":3,"werewolves:cracked_bone":3,"iceandfire:gorgon_head":3,"minecraft:oak_sapling":4,"minecraft:netherrack":13,"iceandfire:silver_nugget":114,"minecraft:diamond_pickaxe":2,"biomesoplenty:redwood_log":20,"minecraft:crafting_table":22,"minecraft:chicken":2,"iceandfire:witherbone":5,"minecraft:clay_ball":4,"minecraft:brown_mushroom":2,"minecraft:gold_block":11,"biomesoplenty:jacaranda_sapling":2,"iceandfire:frozen_cobblestone":1,"minecraft:chain":2,"gravestone:obituary":22,"minecraft:shield":4,"alexsmobs:pigshoes":4,"minecraft:iron_axe":2,"biomesoplenty:maple_planks":19,"iceandfire:ghost_ingot":1,"minecraft:iron_shovel":3,"minecraft:blackstone":33,"iceandfire:graveyard_soil":4,"iceandfire:bestiary":1,"minecraft:beef":63,"minecraft:oak_boat":1,"minecraft:iron_nugget":44,"minecraft:poppy":3,"minecraft:sugar_cane":11,"minecraft:chest":4,"minecraft:egg":3,"minecraft:raw_iron":81,"minecraft:sandstone":11,"iceandfire:dragonbone":80,"iceandfire:dragonscales_green":17,"minecraft:fire_charge":1,"minecraft:polished_blackstone_bricks":4,"werewolves:raw_silver":1,"werewolves:stone_altar_fire_bowl":1,"minecraft:carrot":1,"minecraft:redstone":1,"iceandfire:dragon_skull_ice":3,"biomesoplenty:redwood_planks":206,"minecraft:arrow":136,"iceandfire:sea_serpent_scales_purple":13,"vampirism:altar_inspiration":1,"minecraft:gold_ingot":44,"biomesoplenty:redwood_sapling":1,"minecraft:mutton":50,"minecraft:skeleton_skull":6,"minecraft:white_wool":26,"vampirism:vampire_blood_bottle":7,"minecraft:basalt":1,"iceandfire:sea_serpent_fang":9,"minecraft:leather":55,"minecraft:oak_log":51,"iceandfire:ectoplasm":5,"minecraft:cobbled_deepslate_stairs":5,"minecraft:gunpowder":8,"minecraft:cobblestone_stairs":3,"mowziesmobs:wrought_axe":2,"minecraft:paper":6,"iceandfire:pixie_house_mushroom_red":1,"vampirism:human_heart":14,"minecraft:apple":2,"minecraft:stone_bricks":7,"biomesoplenty:maple_log":49,"minecraft:iron_ingot":24,"minecraft:glass_bottle":16,"minecraft:iron_sword":3,"iceandfire:fire_dragon_flesh":3,"minecraft:soul_sand":14,"vampirism:pure_salt":3,"minecraft:oak_slab":1,"minecraft:pumpkin":3,"iceandfire:ash":3,"minecraft:quartz":21,"minecraft:gravel":67,"minecraft:lava_bucket":1,"minecraft:amethyst_shard":16,"mowziesmobs:wrought_helmet":1,"minecraft:white_bed":1,"vampirism:altar_infusion":1,"minecraft:crying_obsidian":3,"minecraft:spider_eye":5,"minecraft:purple_bed":5,"vampirism:blood_container":7,"biomesoplenty:yellow_maple_sapling":1,"minecraft:stone_axe":1,"iceandfire:pixie_house_spruce":1,"vampirism:altar_tip":3,"minecraft:iron_helmet":3,"iceandfire:sea_serpent_scales_red":1,"minecraft:gray_wool":1,"vampirism:vampire_orchid":6,"minecraft:coal":82,"vampirism:coffin_white":2},"minecraft:killed":{"vampirism:vampire":38,"minecraft:cave_spider":18,"minecraft:witch":2,"vampirism:advanced_vampire":7,"iceandfire:gorgon":3,"minecraft:spider":17,"minecraft:skeleton":23,"vampirism:advanced_hunter":2,"minecraft:piglin_brute":1,"minecraft:piglin":3,"minecraft:iron_golem":1,"vampirism:hunter":25,"minecraft:trader_llama":1,"minecraft:zombie":11,"minecraft:stray":1,"iceandfire:pixie":2,"werewolves:werewolf_survivalist":1,"iceandfire:sea_serpent":3,"minecraft:cow":18,"alexsmobs:dropbear":1,"alexsmobs:raccoon":2,"alexsmobs:seagull":3,"alexsmobs:sugar_glider":1,"mowziesmobs:ferrous_wroughtnaut":1,"iceandfire:fire_dragon":1,"minecraft:drowned":2,"alexsmobs:skunk":1,"minecraft:bat":1,"minecraft:wandering_trader":1,"minecraft:polar_bear":1,"iceandfire:ghost":6,"minecraft:wither_skeleton":10,"minecraft:enderman":1},"minecraft:killed_by":{"minecraft:ghast":1,"vampirism:hunter_trainer":3,"iceandfire:cyclops":6,"iceandfire:siren":1,"iceandfire:sea_serpent":1,"iceandfire:ice_dragon":9,"iceandfire:fire_dragon":16,"minecraft:player":3,"minecraft:stray":1,"alexsmobs:gelada_monkey":1,"iceandfire:ghost":2}},"DataVersion":3465}