{"stats":{"minecraft:mined":{"biomesoplenty:redwood_planks":3,"minecraft:deepslate_diamond_ore":9,"minecraft:oak_fence":2,"minecraft:crafting_table":4,"minecraft:torch":1,"minecraft:granite":5,"minecraft:oak_planks":1,"minecraft:oxeye_daisy":1,"minecraft:spawner":3,"minecraft:furnace":2,"minecraft:iron_ore":32,"minecraft:wheat":4,"biomesoplenty:fir_log":5,"minecraft:deepslate_iron_ore":18,"biomesoplenty:fir_leaves":1,"minecraft:grass":3,"werewolves:stone_altar_fire_bowl":1,"minecraft:oak_log":6,"minecraft:coal_ore":26,"biomesoplenty:redwood_log":8,"minecraft:dirt":1,"minecraft:cobweb":19,"minecraft:stone":48,"biomesoplenty:redwood_wood":17,"minecraft:deepslate":21,"minecraft:fern":1},"minecraft:used":{"minecraft:wheat_seeds":4,"minecraft:water_bucket":1,"biomesoplenty:redwood_planks":23,"minecraft:shield":22,"minecraft:iron_sword":19,"biomesoplenty:fir_planks":5,"travelersbackpack:bat":1,"minecraft:rotten_flesh":10,"minecraft:iron_chestplate":1,"minecraft:torch":57,"iceandfire:copper_sword":106,"minecraft:crafting_table":6,"minecraft:bread":3,"minecraft:iron_axe":1,"werewolves:stone_altar_fire_bowl":1,"minecraft:iron_pickaxe":164,"minecraft:iron_helmet":1,"minecraft:iron_boots":1,"minecraft:stone_axe":41,"minecraft:cobblestone":8,"minecraft:furnace":2,"minecraft:cooked_porkchop":3,"minecraft:bucket":6,"minecraft:egg":3,"minecraft:cooked_beef":3,"minecraft:cobbled_deepslate":1,"minecraft:iron_leggings":1},"minecraft:picked_up":{"biomesoplenty:redwood_log":8,"minecraft:crafting_table":6,"minecraft:iron_chestplate":1,"minecraft:wheat":2,"minecraft:cooked_beef":14,"iceandfire:copper_sword":1,"minecraft:water_bucket":1,"minecraft:brown_mushroom":2,"biomesoplenty:fir_log":7,"minecraft:oak_log":16,"minecraft:shield":1,"minecraft:string":32,"minecraft:dirt":66,"minecraft:iron_axe":1,"minecraft:bone":19,"minecraft:wheat_seeds":10,"minecraft:cobbled_deepslate":23,"biomesoplenty:fir_planks":24,"minecraft:iron_pickaxe":2,"minecraft:glass_bottle":1,"biomesoplenty:redwood_wood":16,"minecraft:furnace":3,"minecraft:egg":3,"minecraft:stick":24,"minecraft:raw_iron":55,"iceandfire:ghost_chest":1,"minecraft:cooked_porkchop":8,"minecraft:torch":49,"werewolves:stone_altar_fire_bowl":1,"minecraft:redstone":1,"alexsmobs:animal_dictionary":2,"minecraft:sugar":1,"biomesoplenty:redwood_planks":95,"minecraft:arrow":26,"minecraft:rotten_flesh":17,"minecraft:diamond":13,"minecraft:stone_axe":1,"minecraft:granite":5,"werewolves:cracked_bone":3,"minecraft:coal":45,"minecraft:cobblestone":84},"minecraft:killed":{"vampirism:vampire":1,"minecraft:cave_spider":5,"minecraft:witch":1,"minecraft:skeleton":15,"minecraft:zombie":7},"minecraft:crafted":{"minecraft:oak_planks":28,"minecraft:crafting_table":3,"biomesoplenty:redwood_planks":96,"minecraft:iron_helmet":1,"minecraft:iron_sword":1,"minecraft:furnace":1,"minecraft:air":0,"biomesoplenty:fir_planks":20,"minecraft:iron_boots":1,"minecraft:iron_chestplate":1,"minecraft:shield":1,"minecraft:iron_axe":1,"minecraft:stick":36,"minecraft:iron_ingot":23,"minecraft:iron_leggings":1,"minecraft:torch":64},"minecraft:dropped":{"minecraft:furnace":1,"minecraft:stone_axe":1,"minecraft:wheat_seeds":6,"minecraft:cobbled_deepslate":1,"vampirism:heart_seeker_enhanced":2,"minecraft:raw_iron":4,"minecraft:granite":5,"minecraft:coal":6,"minecraft:dirt":63,"iceandfire:copper_sword":1,"minecraft:iron_axe":1,"minecraft:sugar":1,"minecraft:iron_pickaxe":1,"minecraft:string":6},"minecraft:killed_by":{"iceandfire:ghost":2,"alexsmobs:gelada_monkey":1},"minecraft:custom":{"minecraft:interact_with_furnace":13,"minecraft:mob_kills":30,"minecraft:animals_bred":1,"minecraft:interact_with_crafting_table":14,"minecraft:time_since_death":38124,"minecraft:sleep_in_bed":3,"minecraft:time_since_rest":38161,"minecraft:sprint_one_cm":222847,"minecraft:damage_taken":1528,"minecraft:walk_one_cm":139665,"minecraft:damage_blocked_by_shield":567,"minecraft:trigger_trapped_chest":1,"minecraft:drop":21,"minecraft:damage_dealt":5832,"minecraft:swim_one_cm":12335,"minecraft:fly_one_cm":104070,"minecraft:open_chest":11,"minecraft:crouch_one_cm":3605,"minecraft:play_time":57957,"minecraft:deaths":3,"minecraft:sneak_time":979,"minecraft:walk_under_water_one_cm":4682,"minecraft:jump":805,"minecraft:walk_on_water_one_cm":19292,"minecraft:total_world_time":57957,"minecraft:fall_one_cm":20715}},"DataVersion":3465}