{"stats":{"minecraft:used":{"vampirism:heart_seeker_enhanced":11,"biomesoplenty:maple_boat":2,"minecraft:iron_shovel":251,"biomesoplenty:redwood_planks":47,"minecraft:shield":67,"minecraft:iron_sword":428,"travelersbackpack:bat":2,"minecraft:rotten_flesh":13,"minecraft:iron_chestplate":1,"minecraft:torch":57,"minecraft:dirt":1,"vampirism:coffin_white":3,"iceandfire:copper_sword":106,"minecraft:lava_bucket":49,"minecraft:iron_axe":96,"minecraft:iron_helmet":1,"minecraft:iron_boots":2,"minecraft:bow":7,"minecraft:furnace":10,"minecraft:egg":3,"minecraft:cooked_beef":3,"minecraft:cobbled_deepslate":1,"minecraft:iron_leggings":2,"minecraft:wheat_seeds":6,"minecraft:water_bucket":8,"vampirism:human_heart":12,"biomesoplenty:fir_planks":5,"biomesoplenty:fir_boat":1,"minecraft:sugar_cane":1,"minecraft:white_wool":3,"minecraft:crafting_table":15,"minecraft:iron_pickaxe":204,"werewolves:stone_altar_fire_bowl":1,"minecraft:bread":3,"minecraft:stone_axe":41,"minecraft:cobblestone":22,"minecraft:cooked_porkchop":5,"minecraft:bucket":65,"minecraft:oak_boat":2,"minecraft:wither_rose":2},"minecraft:killed":{"vampirism:vampire":6,"minecraft:cave_spider":5,"minecraft:witch":1,"vampirism:advanced_vampire":1,"alexsmobs:raccoon":1,"iceandfire:gorgon":1,"minecraft:spider":9,"minecraft:skeleton":22,"vampirism:advanced_hunter":2,"minecraft:drowned":2,"alexsmobs:skunk":1,"minecraft:wandering_trader":1,"vampirism:hunter":20,"minecraft:trader_llama":1,"minecraft:zombie":9,"iceandfire:ghost":3,"iceandfire:sea_serpent":2},"minecraft:broken":{"minecraft:iron_shovel":1,"minecraft:iron_sword":1,"minecraft:iron_helmet":1},"minecraft:picked_up":{"biomesoplenty:redwood_log":20,"minecraft:iron_chestplate":5,"minecraft:crafting_table":14,"minecraft:wheat":9,"travelersbackpack:bat":3,"iceandfire:copper_sword":1,"minecraft:chicken":2,"minecraft:brown_mushroom":2,"minecraft:lead":2,"minecraft:wither_rose":2,"minecraft:gold_block":9,"minecraft:chain":2,"vampirism:pure_salt_water":2,"minecraft:shield":4,"minecraft:string":39,"minecraft:iron_axe":2,"minecraft:iron_leggings":1,"minecraft:iron_shovel":3,"vampirism:obi_belt":1,"minecraft:cobbled_deepslate":29,"biomesoplenty:fir_planks":24,"minecraft:bucket":2,"minecraft:beef":17,"vampirism:garlic_bread":1,"minecraft:oak_boat":1,"minecraft:iron_pickaxe":8,"alexsmobs:raccoon_tail":3,"biomesoplenty:redwood_wood":55,"minecraft:sugar_cane":11,"minecraft:chest":4,"minecraft:furnace":8,"minecraft:iron_boots":3,"minecraft:egg":3,"minecraft:stick":100,"minecraft:raw_iron":70,"iceandfire:ghost_chest":2,"minecraft:oak_fence":2,"minecraft:torch":61,"werewolves:liver":12,"minecraft:porkchop":4,"werewolves:wolfsbane":1,"werewolves:stone_altar_fire_bowl":1,"vampirism:vampire_fang":2,"minecraft:carrot":1,"minecraft:redstone":1,"biomesoplenty:redwood_planks":206,"minecraft:arrow":130,"iceandfire:sea_serpent_scales_purple":1,"minecraft:rotten_flesh":23,"vampirism:purified_garlic":7,"minecraft:mutton":12,"minecraft:white_wool":6,"minecraft:skeleton_skull":6,"vampirism:heart_seeker_enhanced":1,"minecraft:cobblestone":192,"vampirism:vampire_blood_bottle":4,"minecraft:cooked_beef":14,"iceandfire:sea_serpent_fang":7,"minecraft:water_bucket":1,"minecraft:leather":6,"minecraft:potato":4,"biomesoplenty:fir_log":11,"minecraft:oak_log":51,"iceandfire:ectoplasm":3,"minecraft:gunpowder":6,"biomesoplenty:maple_boat":1,"minecraft:dirt":69,"minecraft:bone":27,"vampirism:human_heart":14,"minecraft:apple":2,"minecraft:wheat_seeds":20,"vampirism:item_garlic":2,"biomesoplenty:maple_log":4,"minecraft:iron_ingot":7,"minecraft:glass_bottle":1,"minecraft:iron_sword":3,"minecraft:oak_planks":27,"vampirism:pure_salt":3,"minecraft:cooked_porkchop":8,"minecraft:pumpkin":3,"vampirism:ring":1,"minecraft:lava_bucket":1,"minecraft:sand":244,"minecraft:ink_sac":2,"minecraft:spider_eye":2,"alexsmobs:animal_dictionary":2,"minecraft:sugar":1,"minecraft:diamond":13,"minecraft:stone_axe":1,"waystones:waystone":1,"minecraft:iron_helmet":3,"minecraft:granite":5,"iceandfire:sea_serpent_scales_red":1,"minecraft:bread":3,"werewolves:cracked_bone":3,"iceandfire:gorgon_head":1,"minecraft:oak_sapling":2,"minecraft:coal":78,"vampirism:coffin_white":2},"minecraft:killed_by":{"iceandfire:cyclops":3,"iceandfire:siren":1,"alexsmobs:gelada_monkey":1,"iceandfire:ghost":2},"minecraft:dropped":{"vampirism:item_garlic":2,"minecraft:bread":3,"minecraft:brown_mushroom":2,"minecraft:porkchop":4,"minecraft:wheat_seeds":14,"minecraft:cooked_beef":11,"vampirism:pure_salt":3,"minecraft:cooked_porkchop":3,"vampirism:heart_seeker_enhanced":2,"minecraft:leather":5,"minecraft:apple":3,"minecraft:granite":5,"minecraft:coal":6,"vampirism:purified_garlic":7,"minecraft:dirt":68,"minecraft:ink_sac":2,"minecraft:mutton":3,"werewolves:cracked_bone":4,"minecraft:rabbit":3,"minecraft:pumpkin":3,"minecraft:chain":2,"werewolves:liver":2,"minecraft:iron_axe":1,"minecraft:sugar":1,"werewolves:wolfsbane":1,"minecraft:iron_pickaxe":1,"minecraft:string":8,"alexsmobs:raccoon_tail":1,"minecraft:white_wool":1,"vampirism:garlic_bread":1,"minecraft:bone":2,"minecraft:furnace":1,"minecraft:stone_axe":1,"minecraft:sugar_cane":5,"minecraft:cobbled_deepslate":28,"minecraft:wheat":7,"minecraft:raw_iron":4,"minecraft:chicken":3,"minecraft:rotten_flesh":5,"minecraft:iron_boots":1,"minecraft:glass_pane":10,"minecraft:carrot":1,"iceandfire:ghost_chest":2,"biomesoplenty:fir_planks":3,"iceandfire:copper_sword":1,"minecraft:iron_chestplate":2,"minecraft:oak_sapling":2,"minecraft:chest":4,"minecraft:spider_eye":2,"minecraft:glass":46,"minecraft:beef":17,"biomesoplenty:fir_log":1},"minecraft:crafted":{"minecraft:oak_planks":36,"biomesoplenty:maple_planks":16,"minecraft:furnace":3,"biomesoplenty:maple_boat":1,"minecraft:glass_pane":16,"vampirism:injection_empty":6,"minecraft:glass":73,"minecraft:diamond_helmet":1,"minecraft:bow":1,"minecraft:iron_boots":2,"minecraft:iron_axe":2,"minecraft:cooked_beef":3,"minecraft:glass_bottle":9,"biomesoplenty:fir_boat":1,"minecraft:crafting_table":7,"iceandfire:blindfold":1,"biomesoplenty:redwood_planks":96,"minecraft:iron_helmet":1,"minecraft:iron_sword":2,"minecraft:air":0,"biomesoplenty:fir_planks":32,"minecraft:oak_boat":1,"minecraft:iron_chestplate":1,"minecraft:shield":1,"minecraft:stick":40,"minecraft:iron_ingot":52,"vampirism:coffin_white":1,"minecraft:iron_shovel":1,"minecraft:iron_leggings":2,"minecraft:torch":64,"minecraft:diamond_chestplate":1},"minecraft:mined":{"iceandfire:graveyard_soil":9,"minecraft:deepslate_diamond_ore":9,"minecraft:granite":5,"minecraft:grass_block":6,"minecraft:oxeye_daisy":1,"minecraft:spawner":3,"minecraft:large_fern":2,"travelersbackpack:bat":3,"minecraft:furnace":7,"minecraft:iron_ore":42,"minecraft:pumpkin":6,"biomesoplenty:sea_oats":6,"werewolves:stone_altar_fire_bowl":1,"minecraft:deepslate_iron_ore":18,"biomesoplenty:redwood_log":8,"minecraft:stone":48,"biomesoplenty:maple_log":5,"biomesoplenty:redwood_planks":8,"minecraft:oak_fence":3,"minecraft:crafting_table":9,"minecraft:torch":1,"iceandfire:ghost_chest":1,"minecraft:chest":4,"vampirism:coffin_white":2,"minecraft:tall_grass":5,"biomesoplenty:sprout":1,"minecraft:oak_planks":1,"minecraft:skeleton_skull":2,"minecraft:wheat":6,"minecraft:wither_rose":2,"biomesoplenty:fir_log":9,"minecraft:grass":19,"minecraft:coal_ore":38,"minecraft:oak_log":36,"biomesoplenty:fir_leaves":1,"minecraft:sand":245,"minecraft:dirt":17,"minecraft:cobweb":19,"biomesoplenty:redwood_wood":17,"minecraft:oak_leaves":15,"minecraft:deepslate":26,"minecraft:fern":2},"minecraft:custom":{"minecraft:mob_kills":102,"minecraft:animals_bred":2,"minecraft:interact_with_crafting_table":46,"minecraft:open_barrel":5,"minecraft:damage_dealt_resisted":1439,"minecraft:leave_game":1,"minecraft:time_since_death":83891,"minecraft:damage_resisted":6,"minecraft:climb_one_cm":396,"vampirism:amount_bitten":202,"minecraft:sprint_one_cm":1001169,"minecraft:walk_one_cm":529280,"minecraft:damage_blocked_by_shield":1707,"vampirism:interact_with_coffin":4,"minecraft:drop":81,"vampirism:skills_unlocked":5,"minecraft:play_time":214800,"minecraft:sneak_time":3157,"minecraft:deaths":7,"minecraft:walk_under_water_one_cm":40059,"minecraft:boat_one_cm":217448,"minecraft:jump":3206,"minecraft:walk_on_water_one_cm":82428,"minecraft:total_world_time":214800,"vampirism:blood_drunk":67200,"minecraft:interact_with_furnace":57,"minecraft:sleep_in_bed":5,"minecraft:time_since_rest":22523,"minecraft:waystone_activated":1,"vampirism:resurrected":2,"minecraft:damage_taken":303370,"minecraft:trigger_trapped_chest":1,"minecraft:damage_dealt":23294,"minecraft:swim_one_cm":98376,"minecraft:fly_one_cm":693265,"minecraft:open_chest":34,"minecraft:crouch_one_cm":6108,"minecraft:fall_one_cm":85730}},"DataVersion":3465}