{"stats":{"minecraft:mined":{"biomesoplenty:redwood_planks":6,"iceandfire:graveyard_soil":9,"minecraft:deepslate_diamond_ore":9,"minecraft:oak_fence":2,"minecraft:crafting_table":5,"minecraft:torch":1,"minecraft:granite":5,"minecraft:grass_block":1,"iceandfire:ghost_chest":1,"minecraft:tall_grass":3,"minecraft:oak_planks":1,"minecraft:oxeye_daisy":1,"minecraft:spawner":3,"minecraft:skeleton_skull":2,"minecraft:large_fern":2,"minecraft:furnace":2,"minecraft:iron_ore":32,"minecraft:wheat":4,"minecraft:wither_rose":2,"biomesoplenty:fir_log":5,"minecraft:deepslate_iron_ore":18,"biomesoplenty:fir_leaves":1,"minecraft:grass":7,"werewolves:stone_altar_fire_bowl":1,"minecraft:oak_log":6,"minecraft:coal_ore":26,"biomesoplenty:redwood_log":8,"minecraft:dirt":12,"minecraft:cobweb":19,"minecraft:stone":48,"biomesoplenty:redwood_wood":17,"minecraft:oak_leaves":3,"minecraft:deepslate":26,"minecraft:fern":1},"minecraft:used":{"minecraft:wheat_seeds":4,"minecraft:water_bucket":2,"vampirism:heart_seeker_enhanced":11,"minecraft:iron_shovel":22,"biomesoplenty:redwood_planks":36,"minecraft:shield":35,"minecraft:iron_sword":116,"biomesoplenty:fir_planks":5,"travelersbackpack:bat":1,"minecraft:rotten_flesh":11,"minecraft:iron_chestplate":1,"minecraft:torch":57,"vampirism:coffin_white":1,"iceandfire:copper_sword":106,"minecraft:crafting_table":8,"minecraft:bread":3,"minecraft:iron_axe":8,"werewolves:stone_altar_fire_bowl":1,"minecraft:iron_pickaxe":174,"minecraft:iron_helmet":1,"minecraft:iron_boots":1,"minecraft:stone_axe":41,"minecraft:cobblestone":8,"minecraft:furnace":2,"minecraft:cooked_porkchop":5,"minecraft:bucket":7,"minecraft:egg":3,"minecraft:cooked_beef":3,"minecraft:cobbled_deepslate":1,"minecraft:iron_leggings":1},"minecraft:picked_up":{"biomesoplenty:redwood_log":8,"minecraft:crafting_table":7,"minecraft:iron_chestplate":1,"minecraft:wheat":2,"minecraft:cooked_beef":14,"iceandfire:copper_sword":1,"minecraft:water_bucket":1,"minecraft:brown_mushroom":2,"minecraft:wither_rose":2,"biomesoplenty:fir_log":7,"minecraft:oak_log":16,"minecraft:chain":2,"minecraft:shield":1,"minecraft:string":34,"minecraft:dirt":68,"minecraft:iron_axe":1,"minecraft:bone":22,"vampirism:human_heart":4,"minecraft:wheat_seeds":14,"minecraft:cobbled_deepslate":29,"biomesoplenty:fir_planks":24,"alexsmobs:raccoon_tail":2,"minecraft:iron_pickaxe":2,"minecraft:glass_bottle":1,"biomesoplenty:redwood_wood":16,"minecraft:furnace":3,"minecraft:egg":3,"minecraft:stick":24,"minecraft:raw_iron":55,"iceandfire:ghost_chest":2,"minecraft:cooked_porkchop":8,"werewolves:liver":2,"minecraft:torch":49,"werewolves:stone_altar_fire_bowl":1,"vampirism:vampire_fang":1,"minecraft:redstone":1,"alexsmobs:animal_dictionary":2,"minecraft:sugar":1,"biomesoplenty:redwood_planks":98,"minecraft:arrow":30,"minecraft:rotten_flesh":18,"minecraft:diamond":13,"minecraft:stone_axe":1,"minecraft:granite":5,"minecraft:skeleton_skull":3,"werewolves:cracked_bone":3,"minecraft:oak_sapling":1,"minecraft:coal":45,"minecraft:cobblestone":84},"minecraft:killed":{"vampirism:vampire":2,"minecraft:cave_spider":5,"minecraft:witch":1,"alexsmobs:skunk":1,"alexsmobs:raccoon":1,"minecraft:spider":3,"vampirism:hunter":5,"minecraft:skeleton":18,"minecraft:zombie":8,"minecraft:drowned":1},"minecraft:crafted":{"minecraft:oak_planks":28,"minecraft:crafting_table":3,"biomesoplenty:redwood_planks":96,"minecraft:iron_helmet":1,"minecraft:iron_sword":1,"minecraft:furnace":1,"minecraft:air":0,"biomesoplenty:fir_planks":20,"minecraft:iron_boots":1,"minecraft:iron_chestplate":1,"minecraft:shield":1,"minecraft:iron_axe":1,"minecraft:iron_shovel":1,"minecraft:stick":40,"minecraft:iron_ingot":23,"vampirism:coffin_white":1,"minecraft:iron_leggings":1,"minecraft:torch":64},"minecraft:dropped":{"minecraft:furnace":1,"minecraft:stone_axe":1,"minecraft:wheat_seeds":8,"minecraft:cobbled_deepslate":1,"vampirism:heart_seeker_enhanced":2,"minecraft:raw_iron":4,"minecraft:granite":5,"minecraft:coal":6,"minecraft:dirt":63,"iceandfire:copper_sword":1,"minecraft:oak_sapling":1,"minecraft:iron_axe":1,"minecraft:sugar":1,"minecraft:iron_pickaxe":1,"minecraft:string":6,"alexsmobs:raccoon_tail":1},"minecraft:killed_by":{"iceandfire:ghost":2,"alexsmobs:gelada_monkey":1},"minecraft:custom":{"minecraft:interact_with_furnace":13,"minecraft:mob_kills":46,"minecraft:animals_bred":1,"minecraft:interact_with_crafting_table":17,"minecraft:time_since_death":62124,"minecraft:damage_resisted":6,"minecraft:sleep_in_bed":4,"minecraft:time_since_rest":7622,"vampirism:amount_bitten":46,"minecraft:sprint_one_cm":348069,"minecraft:damage_taken":2303,"minecraft:walk_one_cm":199065,"minecraft:damage_blocked_by_shield":826,"minecraft:trigger_trapped_chest":1,"vampirism:interact_with_coffin":3,"vampirism:skills_unlocked":1,"minecraft:drop":24,"minecraft:damage_dealt":9874,"minecraft:swim_one_cm":46773,"minecraft:fly_one_cm":199935,"minecraft:open_chest":19,"minecraft:crouch_one_cm":3960,"minecraft:play_time":81957,"minecraft:deaths":3,"minecraft:sneak_time":1514,"minecraft:walk_under_water_one_cm":10633,"minecraft:jump":1272,"minecraft:walk_on_water_one_cm":32659,"minecraft:total_world_time":81957,"vampirism:blood_drunk":5200,"minecraft:fall_one_cm":32549}},"DataVersion":3465}