{"stats":{"minecraft:crafted":{"minecraft:oak_planks":48,"minecraft:purple_bed":1,"biomesoplenty:maple_boat":1,"minecraft:glass":73,"minecraft:diamond_helmet":1,"minecraft:bow":1,"minecraft:iron_boots":2,"minecraft:glass_bottle":9,"minecraft:crafting_table":9,"iceandfire:blindfold":1,"minecraft:iron_helmet":1,"biomesoplenty:fir_planks":32,"minecraft:iron_chestplate":1,"minecraft:purple_dye":3,"minecraft:shield":1,"minecraft:stick":48,"minecraft:iron_ingot":52,"vampirism:coffin_white":1,"minecraft:purple_wool":3,"biomesoplenty:maple_planks":16,"minecraft:furnace":3,"minecraft:glass_pane":16,"vampirism:injection_empty":6,"minecraft:iron_axe":2,"minecraft:cooked_beef":3,"biomesoplenty:fir_boat":1,"biomesoplenty:redwood_planks":96,"minecraft:iron_sword":3,"minecraft:bucket":1,"minecraft:air":0,"minecraft:oak_boat":1,"minecraft:iron_shovel":2,"minecraft:iron_leggings":3,"minecraft:torch":64,"minecraft:diamond_chestplate":1},"minecraft:picked_up":{"minecraft:iron_chestplate":5,"minecraft:wheat":9,"travelersbackpack:bat":5,"iceandfire:copper_sword":1,"minecraft:lead":2,"minecraft:wither_rose":2,"vampirism:pure_salt_water":2,"iceandfire:manuscript":2,"minecraft:string":39,"minecraft:iron_leggings":1,"vampirism:obi_belt":1,"minecraft:cobbled_deepslate":29,"minecraft:bucket":2,"biomesoplenty:fir_planks":24,"vampirism:garlic_bread":1,"minecraft:iron_pickaxe":9,"alexsmobs:raccoon_tail":3,"biomesoplenty:redwood_wood":55,"minecraft:furnace":8,"minecraft:iron_boots":4,"minecraft:stick":100,"iceandfire:ghost_chest":2,"minecraft:oak_fence":2,"minecraft:torch":63,"werewolves:liver":15,"minecraft:porkchop":16,"werewolves:wolfsbane":1,"vampirism:vampire_fang":2,"minecraft:diorite":3,"vampirism:blood_bottle":1,"minecraft:rotten_flesh":24,"iceandfire:fire_dragon_heart":1,"vampirism:purified_garlic":7,"minecraft:iron_bars":1,"vampirism:heart_seeker_enhanced":1,"alexsmobs:lobster_tail":1,"minecraft:cobblestone":278,"biomesoplenty:lavender":28,"minecraft:feather":3,"minecraft:cooked_beef":14,"minecraft:water_bucket":1,"minecraft:potato":4,"biomesoplenty:fir_log":11,"biomesoplenty:maple_boat":1,"minecraft:dirt":91,"minecraft:bone":49,"minecraft:wheat_seeds":21,"vampirism:item_garlic":2,"minecraft:mossy_stone_bricks":2,"minecraft:oak_planks":27,"minecraft:cooked_porkchop":8,"vampirism:ring":1,"iceandfire:shiny_scales":1,"minecraft:sand":337,"iceandfire:dragon_skull_fire":1,"minecraft:ink_sac":2,"alexsmobs:animal_dictionary":2,"minecraft:sugar":1,"minecraft:diamond":13,"waystones:waystone":1,"minecraft:granite":5,"minecraft:bread":3,"werewolves:cracked_bone":3,"iceandfire:gorgon_head":2,"minecraft:oak_sapling":2,"minecraft:netherrack":8,"biomesoplenty:redwood_log":20,"minecraft:crafting_table":17,"minecraft:chicken":2,"minecraft:brown_mushroom":2,"minecraft:gold_block":10,"biomesoplenty:jacaranda_sapling":2,"minecraft:chain":2,"minecraft:shield":4,"minecraft:iron_axe":2,"minecraft:iron_shovel":3,"iceandfire:ghost_ingot":1,"iceandfire:graveyard_soil":4,"minecraft:beef":17,"minecraft:oak_boat":1,"minecraft:chest":4,"minecraft:sugar_cane":11,"minecraft:egg":3,"iceandfire:dragonscales_green":17,"iceandfire:dragonbone":9,"minecraft:raw_iron":75,"minecraft:sandstone":11,"werewolves:stone_altar_fire_bowl":1,"minecraft:carrot":1,"minecraft:redstone":1,"biomesoplenty:redwood_planks":206,"minecraft:arrow":131,"iceandfire:sea_serpent_scales_purple":13,"biomesoplenty:redwood_sapling":1,"minecraft:mutton":20,"minecraft:skeleton_skull":6,"minecraft:white_wool":11,"vampirism:vampire_blood_bottle":5,"iceandfire:sea_serpent_fang":9,"minecraft:leather":6,"minecraft:oak_log":51,"iceandfire:ectoplasm":5,"minecraft:gunpowder":8,"minecraft:cobblestone_stairs":3,"iceandfire:pixie_house_mushroom_red":1,"vampirism:human_heart":14,"minecraft:apple":2,"minecraft:stone_bricks":1,"biomesoplenty:maple_log":4,"minecraft:iron_ingot":7,"minecraft:glass_bottle":1,"minecraft:iron_sword":3,"iceandfire:fire_dragon_flesh":3,"vampirism:pure_salt":3,"minecraft:pumpkin":3,"minecraft:lava_bucket":1,"minecraft:spider_eye":2,"minecraft:purple_bed":1,"iceandfire:pixie_house_spruce":1,"minecraft:stone_axe":1,"minecraft:iron_helmet":3,"iceandfire:sea_serpent_scales_red":1,"minecraft:gray_wool":1,"minecraft:coal":79,"vampirism:coffin_white":2},"minecraft:broken":{"minecraft:iron_shovel":1,"minecraft:golden_shovel":1,"minecraft:iron_leggings":1,"minecraft:iron_sword":2,"minecraft:iron_pickaxe":1,"minecraft:iron_helmet":1},"minecraft:killed":{"vampirism:vampire":7,"minecraft:cave_spider":5,"minecraft:witch":1,"vampirism:advanced_vampire":3,"iceandfire:gorgon":2,"minecraft:spider":9,"minecraft:skeleton":23,"vampirism:advanced_hunter":2,"vampirism:hunter":25,"minecraft:trader_llama":1,"minecraft:zombie":9,"iceandfire:sea_serpent":3,"alexsmobs:raccoon":2,"alexsmobs:seagull":3,"alexsmobs:sugar_glider":1,"mowziesmobs:ferrous_wroughtnaut":1,"iceandfire:fire_dragon":1,"minecraft:drowned":2,"alexsmobs:skunk":1,"minecraft:wandering_trader":1,"iceandfire:ghost":6},"minecraft:used":{"minecraft:iron_shovel":257,"minecraft:shield":73,"minecraft:iron_sword":601,"minecraft:rotten_flesh":13,"minecraft:iron_chestplate":1,"vampirism:coffin_white":3,"minecraft:lava_bucket":49,"minecraft:iron_helmet":1,"minecraft:stone_bricks":1,"minecraft:bow":43,"minecraft:furnace":10,"minecraft:egg":3,"minecraft:sandstone":11,"vampirism:human_heart":14,"biomesoplenty:fir_planks":5,"biomesoplenty:fir_boat":1,"minecraft:sugar_cane":1,"minecraft:white_wool":3,"minecraft:sand":10,"minecraft:bread":3,"werewolves:stone_altar_fire_bowl":1,"minecraft:oak_boat":2,"vampirism:heart_seeker_enhanced":11,"biomesoplenty:maple_boat":2,"biomesoplenty:redwood_planks":47,"travelersbackpack:bat":2,"minecraft:torch":57,"minecraft:dirt":11,"iceandfire:copper_sword":106,"minecraft:golden_shovel":34,"minecraft:iron_axe":109,"minecraft:iron_boots":2,"minecraft:cooked_beef":3,"minecraft:cobbled_deepslate":1,"minecraft:iron_leggings":3,"minecraft:wheat_seeds":6,"minecraft:water_bucket":18,"minecraft:cobblestone_stairs":3,"iceandfire:pixie_house_spruce":1,"minecraft:glass_bottle":4,"minecraft:crafting_table":20,"minecraft:iron_pickaxe":315,"iceandfire:graveyard_soil":4,"minecraft:stone_axe":41,"minecraft:cobblestone":72,"minecraft:potion":4,"minecraft:purple_bed":2,"minecraft:cooked_porkchop":5,"minecraft:bucket":75,"minecraft:wither_rose":2},"minecraft:custom":{"minecraft:animals_bred":2,"minecraft:interact_with_crafting_table":54,"minecraft:open_barrel":5,"minecraft:leave_game":4,"minecraft:time_since_death":14689,"minecraft:damage_resisted":6,"minecraft:sprint_one_cm":1515407,"minecraft:damage_blocked_by_shield":1762,"vampirism:interact_with_coffin":4,"minecraft:drop":110,"minecraft:play_time":331565,"minecraft:deaths":11,"minecraft:jump":4884,"minecraft:walk_on_water_one_cm":174904,"minecraft:interact_with_furnace":57,"minecraft:sleep_in_bed":6,"minecraft:waystone_activated":1,"minecraft:damage_dealt":32447,"minecraft:crouch_one_cm":8061,"minecraft:mob_kills":139,"minecraft:damage_dealt_resisted":1699,"minecraft:climb_one_cm":396,"vampirism:amount_bitten":268,"minecraft:walk_one_cm":779532,"vampirism:skills_unlocked":9,"minecraft:sneak_time":4390,"minecraft:walk_under_water_one_cm":112686,"minecraft:boat_one_cm":217448,"minecraft:total_world_time":331565,"vampirism:blood_drunk":118600,"minecraft:time_since_rest":14728,"vampirism:resurrected":7,"minecraft:damage_taken":407508,"minecraft:trigger_trapped_chest":2,"minecraft:swim_one_cm":249814,"minecraft:fly_one_cm":1079015,"minecraft:open_chest":63,"minecraft:fall_one_cm":128922},"minecraft:killed_by":{"iceandfire:cyclops":6,"iceandfire:siren":1,"iceandfire:sea_serpent":1,"alexsmobs:gelada_monkey":1,"iceandfire:ghost":2},"minecraft:mined":{"iceandfire:graveyard_soil":14,"minecraft:cobblestone_stairs":3,"minecraft:granite":5,"minecraft:grass_block":20,"minecraft:oxeye_daisy":1,"minecraft:spawner":3,"minecraft:iron_ore":42,"biomesoplenty:lavender":3,"minecraft:pumpkin":6,"werewolves:stone_altar_fire_bowl":1,"biomesoplenty:redwood_log":8,"minecraft:iron_bars":1,"iceandfire:pixie_house_spruce":1,"biomesoplenty:maple_log":5,"minecraft:torch":1,"iceandfire:ghost_chest":2,"minecraft:chest":4,"minecraft:cobblestone":16,"minecraft:oak_planks":1,"minecraft:skeleton_skull":2,"minecraft:wheat":6,"biomesoplenty:fir_log":9,"minecraft:wither_rose":2,"minecraft:grass":24,"minecraft:oak_log":36,"minecraft:sand":291,"minecraft:dirt":42,"minecraft:netherrack":9,"minecraft:oak_leaves":15,"minecraft:deepslate":26,"minecraft:deepslate_diamond_ore":9,"gravestone:gravestone":3,"minecraft:sandstone":3,"biomesoplenty:dune_grass":2,"minecraft:large_fern":2,"travelersbackpack:bat":3,"minecraft:furnace":7,"minecraft:gold_block":1,"biomesoplenty:sea_oats":7,"minecraft:deepslate_iron_ore":18,"minecraft:vine":1,"minecraft:stone":119,"biomesoplenty:redwood_planks":8,"minecraft:oak_fence":3,"minecraft:crafting_table":12,"vampirism:coffin_white":2,"minecraft:tall_grass":6,"biomesoplenty:sprout":1,"minecraft:diorite":3,"minecraft:purple_bed":1,"minecraft:coarse_dirt":1,"iceandfire:pixie_house_mushroom_red":1,"minecraft:coal_ore":39,"biomesoplenty:fir_leaves":1,"minecraft:cobweb":19,"minecraft:stone_bricks":1,"minecraft:mossy_stone_bricks":2,"biomesoplenty:redwood_wood":17,"minecraft:fern":3},"minecraft:dropped":{"biomesoplenty:fir_log":1,"minecraft:brown_mushroom":2,"minecraft:porkchop":4,"minecraft:cooked_beef":11,"minecraft:cooked_porkchop":3,"vampirism:heart_seeker_enhanced":2,"minecraft:leather":5,"iceandfire:ectoplasm":2,"minecraft:dirt":76,"minecraft:mutton":3,"minecraft:chain":2,"gravestone:obituary":4,"minecraft:sand":38,"minecraft:sugar":1,"werewolves:wolfsbane":1,"minecraft:iron_pickaxe":2,"alexsmobs:raccoon_tail":1,"minecraft:white_wool":1,"minecraft:bone":2,"minecraft:stone_axe":1,"minecraft:sugar_cane":5,"minecraft:cobbled_deepslate":28,"minecraft:wheat":7,"minecraft:rotten_flesh":6,"minecraft:carrot":1,"iceandfire:ghost_chest":2,"minecraft:gunpowder":4,"minecraft:chest":4,"minecraft:beef":17,"minecraft:glass":46,"minecraft:netherrack":8,"iceandfire:manuscript":2,"vampirism:item_garlic":2,"minecraft:bread":3,"minecraft:wheat_seeds":14,"vampirism:pure_salt":3,"biomesoplenty:lavender":25,"minecraft:feather":3,"minecraft:apple":3,"minecraft:granite":5,"minecraft:coal":6,"vampirism:purified_garlic":7,"minecraft:diorite":3,"minecraft:ink_sac":2,"werewolves:cracked_bone":4,"minecraft:rabbit":3,"werewolves:liver":7,"minecraft:pumpkin":3,"minecraft:iron_axe":1,"minecraft:string":8,"vampirism:garlic_bread":1,"minecraft:furnace":1,"minecraft:raw_iron":4,"minecraft:chicken":3,"minecraft:iron_boots":3,"minecraft:glass_pane":10,"minecraft:filled_map":1,"biomesoplenty:fir_planks":3,"iceandfire:copper_sword":1,"minecraft:iron_chestplate":2,"iceandfire:silver_ingot":2,"minecraft:oak_sapling":2,"minecraft:spider_eye":2}},"DataVersion":3465}