{"stats":{"minecraft:crafted":{"minecraft:oak_planks":112,"minecraft:purple_bed":1,"biomesoplenty:maple_boat":1,"minecraft:hopper":1,"minecraft:glass":116,"minecraft:diamond_helmet":1,"minecraft:bow":1,"minecraft:iron_boots":3,"vampirism:altar_inspiration":1,"minecraft:chest":1,"vampirism:blood_grinder":1,"minecraft:glass_bottle":12,"minecraft:crafting_table":12,"iceandfire:blindfold":1,"minecraft:iron_helmet":1,"biomesoplenty:fir_planks":32,"minecraft:diamond_pickaxe":1,"minecraft:iron_chestplate":2,"minecraft:purple_dye":3,"minecraft:shield":1,"minecraft:stick":60,"minecraft:iron_pickaxe":1,"minecraft:iron_ingot":52,"vampirism:coffin_white":1,"minecraft:purple_wool":3,"biomesoplenty:maple_planks":24,"minecraft:furnace":3,"minecraft:glass_pane":16,"vampirism:injection_empty":6,"minecraft:iron_axe":2,"minecraft:cobbled_deepslate_stairs":36,"minecraft:cooked_beef":3,"minecraft:diamond_sword":1,"biomesoplenty:fir_boat":1,"biomesoplenty:redwood_planks":96,"minecraft:iron_sword":3,"minecraft:bucket":1,"minecraft:air":0,"minecraft:oak_boat":1,"minecraft:white_wool":3,"minecraft:iron_shovel":2,"minecraft:iron_leggings":4,"minecraft:white_bed":2,"vampirism:blood_container":5,"minecraft:torch":64,"minecraft:diamond_chestplate":1},"minecraft:picked_up":{"minecraft:iron_chestplate":5,"minecraft:wheat":24,"travelersbackpack:bat":6,"iceandfire:copper_sword":1,"minecraft:diamond_sword":1,"minecraft:lead":2,"biomesoplenty:red_maple_sapling":1,"minecraft:wither_rose":2,"vampirism:pure_salt_water":2,"minecraft:amethyst_block":4,"iceandfire:manuscript":2,"minecraft:string":82,"minecraft:raw_copper":2,"minecraft:iron_leggings":1,"vampirism:obi_belt":1,"minecraft:cobbled_deepslate":350,"minecraft:bucket":3,"biomesoplenty:fir_planks":24,"vampirism:garlic_bread":1,"minecraft:iron_pickaxe":9,"alexsmobs:raccoon_tail":3,"biomesoplenty:redwood_wood":55,"minecraft:furnace":8,"minecraft:iron_boots":4,"minecraft:stick":113,"iceandfire:ghost_chest":2,"minecraft:oak_fence":2,"minecraft:torch":63,"werewolves:liver":15,"minecraft:porkchop":16,"biomesoplenty:orange_maple_sapling":2,"werewolves:wolfsbane":1,"vampirism:vampire_fang":6,"minecraft:diorite":27,"vampirism:amulet":1,"vampirism:blood_bottle":7,"minecraft:rotten_flesh":30,"iceandfire:fire_dragon_heart":1,"vampirism:purified_garlic":7,"vampirism:blood_grinder":1,"minecraft:iron_bars":1,"vampirism:heart_seeker_enhanced":1,"alexsmobs:lobster_tail":1,"minecraft:cobblestone":339,"biomesoplenty:lavender":37,"minecraft:feather":3,"minecraft:cooked_beef":14,"minecraft:water_bucket":1,"minecraft:andesite":16,"minecraft:potato":4,"biomesoplenty:fir_log":11,"minecraft:flint":1,"minecraft:tuff":8,"biomesoplenty:maple_boat":1,"minecraft:dirt":101,"minecraft:glass":3,"minecraft:bone":51,"minecraft:bow":1,"minecraft:wheat_seeds":62,"vampirism:item_garlic":2,"minecraft:mossy_stone_bricks":4,"minecraft:diamond_helmet":2,"minecraft:oak_planks":28,"minecraft:cooked_porkchop":8,"vampirism:ring":1,"iceandfire:shiny_scales":1,"minecraft:sand":427,"iceandfire:dragon_skull_fire":1,"minecraft:ink_sac":2,"alexsmobs:animal_dictionary":2,"minecraft:sugar":1,"minecraft:diamond":27,"waystones:waystone":1,"minecraft:granite":5,"minecraft:bread":3,"werewolves:cracked_bone":3,"iceandfire:gorgon_head":2,"iceandfire:silver_nugget":34,"minecraft:oak_sapling":3,"minecraft:netherrack":8,"minecraft:diamond_pickaxe":1,"biomesoplenty:redwood_log":20,"minecraft:crafting_table":22,"minecraft:chicken":2,"minecraft:brown_mushroom":2,"minecraft:gold_block":10,"biomesoplenty:jacaranda_sapling":2,"iceandfire:frozen_cobblestone":1,"gravestone:obituary":5,"minecraft:chain":2,"minecraft:shield":4,"minecraft:iron_axe":2,"minecraft:iron_shovel":3,"iceandfire:ghost_ingot":1,"iceandfire:graveyard_soil":4,"minecraft:beef":63,"minecraft:oak_boat":1,"minecraft:poppy":1,"minecraft:chest":4,"minecraft:sugar_cane":11,"minecraft:egg":3,"iceandfire:dragonscales_green":17,"iceandfire:dragonbone":9,"minecraft:raw_iron":80,"minecraft:sandstone":11,"werewolves:raw_silver":1,"werewolves:stone_altar_fire_bowl":1,"minecraft:carrot":1,"minecraft:redstone":1,"biomesoplenty:redwood_planks":206,"minecraft:arrow":133,"iceandfire:sea_serpent_scales_purple":13,"vampirism:altar_inspiration":1,"biomesoplenty:redwood_sapling":1,"minecraft:mutton":50,"minecraft:skeleton_skull":6,"minecraft:white_wool":26,"vampirism:vampire_blood_bottle":6,"iceandfire:sea_serpent_fang":9,"minecraft:leather":37,"minecraft:oak_log":51,"iceandfire:ectoplasm":5,"minecraft:cobbled_deepslate_stairs":2,"mowziesmobs:wrought_axe":1,"minecraft:gunpowder":8,"minecraft:cobblestone_stairs":3,"iceandfire:pixie_house_mushroom_red":1,"vampirism:human_heart":14,"minecraft:apple":2,"minecraft:stone_bricks":1,"biomesoplenty:maple_log":20,"minecraft:iron_ingot":7,"minecraft:glass_bottle":1,"minecraft:iron_sword":3,"iceandfire:fire_dragon_flesh":3,"vampirism:pure_salt":3,"minecraft:pumpkin":3,"iceandfire:ash":1,"minecraft:gravel":21,"minecraft:lava_bucket":1,"minecraft:amethyst_shard":16,"mowziesmobs:wrought_helmet":1,"minecraft:white_bed":1,"minecraft:spider_eye":5,"minecraft:purple_bed":1,"vampirism:blood_container":4,"iceandfire:pixie_house_spruce":1,"minecraft:stone_axe":1,"minecraft:iron_helmet":3,"iceandfire:sea_serpent_scales_red":1,"minecraft:gray_wool":1,"minecraft:coal":80,"vampirism:coffin_white":2},"minecraft:broken":{"minecraft:iron_shovel":1,"minecraft:iron_boots":1,"minecraft:golden_shovel":1,"minecraft:iron_leggings":1,"minecraft:iron_sword":3,"minecraft:diamond_chestplate":1,"minecraft:iron_pickaxe":2,"minecraft:iron_helmet":1},"minecraft:killed":{"vampirism:vampire":14,"minecraft:cave_spider":18,"minecraft:witch":1,"vampirism:advanced_vampire":7,"iceandfire:gorgon":2,"minecraft:spider":16,"minecraft:skeleton":23,"vampirism:advanced_hunter":2,"vampirism:hunter":25,"minecraft:trader_llama":1,"minecraft:zombie":11,"iceandfire:sea_serpent":3,"minecraft:cow":18,"alexsmobs:raccoon":2,"alexsmobs:seagull":3,"alexsmobs:sugar_glider":1,"mowziesmobs:ferrous_wroughtnaut":1,"iceandfire:fire_dragon":1,"minecraft:drowned":2,"alexsmobs:skunk":1,"minecraft:bat":1,"minecraft:wandering_trader":1,"iceandfire:ghost":6,"minecraft:enderman":1},"minecraft:used":{"minecraft:iron_shovel":300,"minecraft:shield":73,"minecraft:iron_sword":753,"vampirism:blood_container":7,"minecraft:rotten_flesh":13,"minecraft:iron_chestplate":1,"vampirism:coffin_white":3,"minecraft:lava_bucket":49,"minecraft:iron_helmet":1,"minecraft:stone_bricks":1,"minecraft:bow":43,"minecraft:furnace":10,"minecraft:egg":3,"biomesoplenty:maple_planks":8,"minecraft:sandstone":11,"vampirism:human_heart":14,"biomesoplenty:fir_planks":5,"biomesoplenty:fir_boat":1,"minecraft:sugar_cane":1,"minecraft:white_wool":6,"minecraft:sand":10,"minecraft:cobbled_deepslate_stairs":38,"minecraft:bread":3,"werewolves:stone_altar_fire_bowl":1,"minecraft:diamond_sword":43,"minecraft:oak_boat":2,"minecraft:experience_bottle":3,"vampirism:heart_seeker_enhanced":11,"biomesoplenty:maple_boat":2,"biomesoplenty:redwood_planks":47,"travelersbackpack:bat":4,"minecraft:torch":57,"minecraft:dirt":11,"iceandfire:copper_sword":106,"minecraft:golden_shovel":34,"minecraft:iron_axe":117,"minecraft:iron_boots":2,"minecraft:cooked_beef":3,"minecraft:cobbled_deepslate":33,"minecraft:iron_leggings":3,"minecraft:wheat_seeds":21,"minecraft:water_bucket":52,"vampirism:altar_inspiration":2,"minecraft:cobblestone_stairs":3,"iceandfire:pixie_house_spruce":1,"minecraft:glass_bottle":4,"vampirism:blood_grinder":2,"minecraft:crafting_table":26,"minecraft:white_bed":3,"mowziesmobs:wrought_axe":69,"minecraft:diamond_pickaxe":48,"minecraft:iron_pickaxe":718,"iceandfire:graveyard_soil":4,"iceandfire:ash":1,"minecraft:stone_axe":41,"minecraft:cobblestone":131,"minecraft:potion":4,"minecraft:purple_bed":2,"minecraft:cooked_porkchop":5,"minecraft:bucket":109,"minecraft:wither_rose":2},"minecraft:custom":{"minecraft:animals_bred":7,"minecraft:interact_with_crafting_table":72,"minecraft:open_barrel":5,"minecraft:leave_game":4,"minecraft:time_since_death":582,"minecraft:damage_resisted":6,"minecraft:sprint_one_cm":1790546,"minecraft:damage_blocked_by_shield":1762,"vampirism:interact_with_coffin":4,"minecraft:drop":227,"minecraft:play_time":445565,"minecraft:deaths":25,"minecraft:jump":6217,"vampirism:interact_with_blood_grinder":6,"minecraft:walk_on_water_one_cm":269802,"vampirism:altar_of_inspiration_rituals_performed":1,"minecraft:interact_with_furnace":58,"minecraft:sleep_in_bed":8,"minecraft:waystone_activated":1,"minecraft:damage_dealt":43667,"minecraft:crouch_one_cm":18160,"minecraft:mob_kills":204,"minecraft:damage_dealt_resisted":2186,"minecraft:climb_one_cm":396,"vampirism:amount_bitten":363,"minecraft:walk_one_cm":1043803,"vampirism:skills_unlocked":23,"minecraft:sneak_time":7724,"minecraft:walk_under_water_one_cm":170763,"minecraft:boat_one_cm":217448,"minecraft:total_world_time":445565,"vampirism:blood_drunk":148300,"minecraft:time_since_rest":604,"vampirism:resurrected":7,"minecraft:damage_taken":807013,"minecraft:trigger_trapped_chest":2,"minecraft:swim_one_cm":342856,"minecraft:fly_one_cm":1246327,"minecraft:open_chest":74,"minecraft:fall_one_cm":153471},"minecraft:killed_by":{"iceandfire:cyclops":6,"iceandfire:siren":1,"iceandfire:sea_serpent":1,"iceandfire:ice_dragon":8,"iceandfire:fire_dragon":6,"alexsmobs:gelada_monkey":1,"iceandfire:ghost":2},"minecraft:mined":{"minecraft:white_bed":1,"iceandfire:graveyard_soil":14,"minecraft:cobbled_deepslate_stairs":3,"minecraft:cobblestone_stairs":3,"minecraft:granite":5,"minecraft:budding_amethyst":1,"minecraft:grass_block":22,"minecraft:oxeye_daisy":1,"minecraft:spawner":5,"minecraft:iron_ore":42,"biomesoplenty:lavender":3,"minecraft:pumpkin":6,"werewolves:stone_altar_fire_bowl":1,"biomesoplenty:redwood_log":8,"biomesoplenty:yellow_maple_leaves":1,"minecraft:small_amethyst_bud":1,"minecraft:iron_bars":1,"iceandfire:pixie_house_spruce":1,"biomesoplenty:maple_log":17,"minecraft:amethyst_cluster":4,"iceandfire:dragon_ice_spikes":2,"minecraft:torch":1,"vampirism:blood_grinder":1,"minecraft:calcite":2,"iceandfire:ghost_chest":2,"minecraft:chest":4,"minecraft:cobblestone":17,"minecraft:oak_planks":2,"minecraft:amethyst_block":4,"minecraft:skeleton_skull":2,"minecraft:wheat":21,"biomesoplenty:fir_log":9,"minecraft:wither_rose":2,"minecraft:grass":24,"minecraft:oak_log":36,"minecraft:sand":291,"minecraft:dirt":55,"minecraft:smooth_basalt":1,"minecraft:netherrack":9,"minecraft:oak_leaves":15,"minecraft:deepslate":308,"minecraft:diamond_ore":1,"minecraft:tuff":20,"minecraft:deepslate_diamond_ore":21,"vampirism:altar_inspiration":1,"iceandfire:frozen_cobblestone":2,"gravestone:gravestone":14,"minecraft:sandstone":3,"biomesoplenty:dune_grass":2,"minecraft:large_fern":2,"travelersbackpack:bat":3,"minecraft:furnace":7,"minecraft:andesite":16,"minecraft:gold_block":1,"biomesoplenty:sea_oats":7,"minecraft:deepslate_iron_ore":22,"minecraft:vine":1,"minecraft:stone":179,"biomesoplenty:redwood_planks":8,"minecraft:oak_fence":3,"minecraft:crafting_table":14,"vampirism:coffin_white":2,"minecraft:tall_grass":6,"biomesoplenty:sprout":1,"minecraft:diorite":27,"minecraft:purple_bed":1,"minecraft:coarse_dirt":1,"iceandfire:pixie_house_mushroom_red":1,"minecraft:coal_ore":39,"biomesoplenty:fir_leaves":1,"minecraft:gravel":34,"minecraft:cobweb":31,"minecraft:stone_bricks":1,"minecraft:mossy_stone_bricks":2,"biomesoplenty:redwood_wood":17,"minecraft:fern":3},"minecraft:dropped":{"biomesoplenty:fir_log":1,"minecraft:brown_mushroom":2,"minecraft:porkchop":16,"biomesoplenty:red_maple_sapling":1,"minecraft:cooked_beef":11,"minecraft:crafting_table":3,"minecraft:cooked_porkchop":3,"vampirism:heart_seeker_enhanced":2,"minecraft:leather":16,"iceandfire:ectoplasm":2,"iceandfire:gorgon_head":1,"biomesoplenty:orange_maple_sapling":2,"minecraft:flint":1,"minecraft:dirt":86,"minecraft:mutton":57,"minecraft:chain":2,"gravestone:obituary":23,"minecraft:sand":173,"minecraft:sugar":1,"werewolves:wolfsbane":1,"minecraft:iron_pickaxe":3,"alexsmobs:raccoon_tail":1,"minecraft:white_wool":13,"minecraft:bone":3,"minecraft:gravel":21,"minecraft:stone_axe":1,"minecraft:sugar_cane":5,"minecraft:cobbled_deepslate":322,"minecraft:wheat":7,"minecraft:rotten_flesh":10,"werewolves:raw_silver":2,"minecraft:oak_planks":1,"minecraft:carrot":1,"werewolves:dream_catcher":1,"minecraft:poppy":1,"werewolves:bone_necklace":1,"iceandfire:ghost_chest":2,"minecraft:gunpowder":4,"minecraft:chest":4,"minecraft:beef":24,"minecraft:glass":46,"minecraft:netherrack":8,"iceandfire:manuscript":2,"vampirism:item_garlic":2,"minecraft:bread":3,"biomesoplenty:jacaranda_sapling":2,"iceandfire:pixie_house_mushroom_red":1,"minecraft:wheat_seeds":40,"vampirism:pure_salt":3,"biomesoplenty:lavender":34,"minecraft:cobblestone":36,"minecraft:feather":3,"minecraft:amethyst_block":4,"minecraft:apple":3,"minecraft:granite":5,"minecraft:coal":6,"minecraft:stick":17,"vampirism:purified_garlic":7,"minecraft:diorite":27,"minecraft:ink_sac":2,"werewolves:cracked_bone":4,"minecraft:rabbit":3,"minecraft:diamond_helmet":2,"minecraft:iron_leggings":1,"werewolves:liver":7,"minecraft:pumpkin":3,"minecraft:iron_axe":1,"minecraft:string":39,"vampirism:garlic_bread":1,"minecraft:redstone":1,"iceandfire:frozen_cobblestone":1,"iceandfire:silver_nugget":34,"minecraft:furnace":1,"minecraft:raw_copper":2,"minecraft:tuff":8,"minecraft:raw_iron":9,"minecraft:chicken":3,"minecraft:iron_boots":3,"minecraft:glass_pane":10,"minecraft:filled_map":1,"minecraft:diamond_sword":1,"biomesoplenty:fir_planks":3,"iceandfire:copper_sword":1,"minecraft:diamond_pickaxe":1,"minecraft:iron_chestplate":2,"minecraft:andesite":16,"minecraft:mossy_stone_bricks":4,"iceandfire:silver_ingot":7,"minecraft:oak_sapling":3,"minecraft:spider_eye":4,"minecraft:bow":2}},"DataVersion":3465}