{"stats":{"minecraft:crafted":{"minecraft:oak_planks":152,"travelersbackpack:crafting_upgrade":1,"minecraft:purple_bed":1,"minecraft:blaze_powder":2,"iceandfire:tide_purple_boots":1,"minecraft:cobblestone_stairs":8,"biomesoplenty:maple_boat":1,"travelersbackpack:bat":3,"iceandfire:tide_purple_helmet":1,"minecraft:quartz_block":5,"minecraft:glass":180,"minecraft:hopper":2,"minecraft:diamond_helmet":1,"minecraft:bow":2,"minecraft:iron_boots":3,"vampirism:altar_inspiration":1,"minecraft:chest":7,"vampirism:blood_grinder":2,"minecraft:stone_hoe":1,"minecraft:glass_bottle":12,"travelersbackpack:iron_tier_upgrade":2,"minecraft:cauldron":2,"minecraft:crafting_table":15,"iceandfire:blindfold":1,"minecraft:iron_helmet":1,"vampirism:umbrella":1,"travelersbackpack:blaze":5,"iceandfire:armor_green_chestplate":1,"biomesoplenty:fir_planks":396,"iceandfire:dragonbone_sword_ice":1,"minecraft:iron_chestplate":2,"minecraft:wooden_hoe":2,"minecraft:diamond_pickaxe":1,"minecraft:purple_dye":3,"minecraft:shield":2,"minecraft:stick":332,"minecraft:iron_pickaxe":1,"minecraft:iron_ingot":124,"vampirism:coffin_white":2,"minecraft:gold_ingot":45,"minecraft:purple_wool":3,"iceandfire:armor_green_leggings":1,"iceandfire:dragonbone_sword_fire":1,"biomesoplenty:maple_planks":84,"minecraft:furnace":3,"minecraft:bone_meal":192,"travelersbackpack:blank_upgrade":4,"travelersbackpack:gold_tier_upgrade":1,"minecraft:glass_pane":16,"vampirism:injection_empty":6,"vampirism:blood_sieve":2,"travelersbackpack:white_sleeping_bag":1,"minecraft:iron_axe":2,"minecraft:cobbled_deepslate_stairs":36,"travelersbackpack:diamond_tier_upgrade":1,"minecraft:cooked_beef":3,"iceandfire:dragonbone_sword":2,"minecraft:diamond_sword":1,"biomesoplenty:fir_boat":1,"biomesoplenty:redwood_planks":96,"travelersbackpack:backpack_tank":4,"iceandfire:tide_trident":1,"minecraft:iron_sword":3,"minecraft:bucket":1,"minecraft:air":0,"minecraft:oak_boat":1,"biomesoplenty:fir_fence":96,"minecraft:white_wool":14,"minecraft:iron_shovel":2,"minecraft:iron_leggings":4,"minecraft:white_bed":2,"vampirism:blood_container":11,"minecraft:torch":64,"biomesoplenty:fir_fence_gate":2,"minecraft:diamond_chestplate":1},"minecraft:picked_up":{"minecraft:iron_chestplate":6,"minecraft:wheat":204,"travelersbackpack:bat":13,"iceandfire:copper_sword":1,"minecraft:lead":21,"minecraft:diamond_sword":7,"biomesoplenty:red_maple_sapling":1,"minecraft:wither_rose":2,"minecraft:potion":3,"minecraft:nether_brick":12,"vampirism:pure_salt_water":2,"minecraft:amethyst_block":4,"iceandfire:armor_silver_metal_chestplate":1,"iceandfire:manuscript":2,"minecraft:string":89,"minecraft:raw_copper":9,"minecraft:iron_leggings":2,"biomesoplenty:maple_door":2,"vampirism:obi_belt":1,"alexsmobs:dropbear_claw":4,"minecraft:bucket":3,"minecraft:cobbled_deepslate":414,"biomesoplenty:fir_planks":31,"iceandfire:frost_lily":6,"vampirism:garlic_bread":1,"minecraft:redstone_torch":1,"minecraft:iron_pickaxe":13,"alexsmobs:raccoon_tail":3,"iceandfire:frozen_gravel":1,"biomesoplenty:redwood_wood":55,"minecraft:furnace":8,"minecraft:iron_boots":5,"iceandfire:pixie_dust":16,"minecraft:stick":123,"iceandfire:ghost_chest":2,"minecraft:oak_fence":2,"werewolves:liver":21,"minecraft:torch":63,"minecraft:porkchop":19,"biomesoplenty:orange_maple_sapling":2,"werewolves:wolfsbane":1,"vampirism:vampire_fang":15,"minecraft:diorite":35,"vampirism:amulet":3,"minecraft:golden_chestplate":1,"vampirism:blood_bottle":22,"minecraft:rotten_flesh":36,"iceandfire:fire_dragon_heart":1,"minecraft:iron_block":1,"vampirism:purified_garlic":7,"vampirism:blood_grinder":4,"iceandfire:tide_purple_helmet":2,"minecraft:obsidian":3,"alexsmobs:lobster_tail":1,"minecraft:iron_bars":1,"minecraft:snowball":134,"vampirism:heart_seeker_enhanced":1,"minecraft:cobblestone":402,"biomesoplenty:lavender":37,"iceandfire:sapphire_gem":3,"minecraft:feather":3,"minecraft:cooked_beef":14,"minecraft:water_bucket":4,"minecraft:andesite":16,"minecraft:potato":4,"biomesoplenty:fir_log":23,"minecraft:flint":1,"minecraft:tuff":8,"minecraft:stripped_spruce_wood":2,"biomesoplenty:maple_boat":1,"minecraft:dirt":638,"iceandfire:dragonbone_sword_ice":3,"minecraft:bone":70,"iceandfire:ice_dragon_blood":1,"minecraft:glass":79,"minecraft:bow":4,"minecraft:wheat_seeds":577,"vampirism:altar_pillar":11,"vampirism:pure_blood_1":1,"vampirism:item_garlic":2,"iceandfire:tide_purple_boots":2,"minecraft:mossy_stone_bricks":8,"minecraft:diamond_helmet":2,"minecraft:stone_hoe":2,"minecraft:oak_planks":29,"vampirism:blood_sieve":2,"minecraft:cooked_porkchop":8,"iceandfire:podium_spruce":1,"vampirism:ring":1,"iceandfire:dragon_skull_fire":1,"iceandfire:shiny_scales":4,"minecraft:sand":428,"biomesoplenty:fir_fence":33,"minecraft:ink_sac":2,"minecraft:spectral_arrow":327,"alexsmobs:animal_dictionary":2,"minecraft:sugar":1,"minecraft:diamond":46,"iceandfire:dragonbone_sword_fire":3,"waystones:waystone":2,"iceandfire:dragon_ice":3,"minecraft:granite":5,"minecraft:bread":3,"minecraft:emerald":10,"minecraft:light_gray_carpet":3,"werewolves:cracked_bone":4,"iceandfire:gorgon_head":3,"iceandfire:tide_trident":2,"minecraft:oak_sapling":4,"minecraft:netherrack":13,"iceandfire:silver_nugget":114,"minecraft:diamond_pickaxe":3,"biomesoplenty:redwood_log":20,"minecraft:crafting_table":22,"iceandfire:witherbone":5,"minecraft:azure_bluet":1,"minecraft:chicken":2,"minecraft:clay_ball":4,"minecraft:brown_mushroom":2,"minecraft:gold_block":11,"biomesoplenty:jacaranda_sapling":2,"iceandfire:frozen_cobblestone":1,"minecraft:chain":2,"gravestone:obituary":26,"minecraft:shield":4,"minecraft:cornflower":8,"alexsmobs:pigshoes":4,"minecraft:iron_axe":2,"iceandfire:armor_green_leggings":2,"minecraft:iron_shovel":3,"minecraft:blackstone":33,"biomesoplenty:maple_planks":19,"minecraft:white_carpet":9,"iceandfire:ghost_ingot":2,"iceandfire:graveyard_soil":4,"iceandfire:bestiary":1,"minecraft:beef":137,"minecraft:oak_boat":1,"minecraft:iron_nugget":44,"minecraft:poppy":8,"minecraft:sugar_cane":11,"minecraft:chest":4,"minecraft:egg":3,"minecraft:sandstone":11,"minecraft:raw_iron":81,"iceandfire:dragonscales_green":21,"iceandfire:dragonbone":80,"minecraft:fire_charge":1,"vampirism:umbrella":1,"minecraft:polished_blackstone_bricks":4,"werewolves:raw_silver":1,"werewolves:stone_altar_fire_bowl":1,"minecraft:carrot":1,"minecraft:redstone":1,"iceandfire:dragon_skull_ice":3,"biomesoplenty:redwood_planks":206,"iceandfire:blindfold":1,"minecraft:arrow":192,"iceandfire:sea_serpent_scales_purple":13,"vampirism:altar_inspiration":1,"mowziesmobs:ice_crystal":1,"minecraft:gold_ingot":44,"biomesoplenty:redwood_sapling":1,"minecraft:mutton":50,"minecraft:skeleton_skull":6,"minecraft:white_wool":26,"minecraft:oxeye_daisy":3,"vampirism:vampire_blood_bottle":8,"minecraft:basalt":1,"iceandfire:sea_serpent_fang":15,"minecraft:leather":103,"minecraft:oak_log":51,"iceandfire:ectoplasm":5,"minecraft:cobbled_deepslate_stairs":5,"minecraft:gunpowder":8,"minecraft:cobblestone_stairs":3,"mowziesmobs:wrought_axe":4,"minecraft:paper":6,"iceandfire:pixie_house_mushroom_red":1,"vampirism:human_heart":18,"iceandfire:armor_green_chestplate":2,"minecraft:apple":2,"minecraft:stone_bricks":7,"biomesoplenty:maple_log":49,"minecraft:iron_ingot":76,"minecraft:glass_bottle":17,"minecraft:iron_sword":3,"iceandfire:fire_dragon_flesh":3,"minecraft:soul_sand":14,"vampirism:pure_salt":3,"minecraft:oak_slab":1,"minecraft:pumpkin":3,"iceandfire:ash":3,"minecraft:quartz":21,"minecraft:dandelion":18,"minecraft:gravel":67,"minecraft:lava_bucket":1,"minecraft:amethyst_shard":16,"mowziesmobs:wrought_helmet":3,"vampirism:altar_infusion":1,"minecraft:white_bed":1,"minecraft:crying_obsidian":3,"minecraft:spider_eye":8,"travelersbackpack:standard":1,"minecraft:diamond_shovel":2,"minecraft:purple_bed":7,"vampirism:blood_container":25,"biomesoplenty:yellow_maple_sapling":1,"iceandfire:pixie_house_spruce":1,"minecraft:stone_axe":1,"vampirism:altar_tip":3,"iceandfire:sea_serpent_scales_red":1,"minecraft:iron_helmet":3,"minecraft:gray_wool":1,"vampirism:vampire_orchid":6,"minecraft:coal":82,"vampirism:coffin_white":7},"minecraft:broken":{"minecraft:iron_shovel":1,"minecraft:iron_boots":1,"minecraft:golden_shovel":1,"minecraft:iron_leggings":2,"minecraft:iron_sword":3,"minecraft:diamond_chestplate":1,"minecraft:stone_hoe":2,"minecraft:shield":1,"minecraft:iron_pickaxe":2,"minecraft:iron_helmet":1,"minecraft:wooden_hoe":1},"minecraft:killed":{"vampirism:vampire":42,"minecraft:cave_spider":18,"minecraft:witch":2,"vampirism:advanced_vampire":7,"iceandfire:gorgon":3,"minecraft:spider":26,"mowziesmobs:frostmaw":1,"minecraft:skeleton":25,"vampirism:advanced_hunter":3,"minecraft:piglin_brute":1,"vampirism:vampire_baron":1,"minecraft:piglin":3,"minecraft:iron_golem":1,"vampirism:hunter":41,"minecraft:trader_llama":1,"minecraft:zombie":14,"minecraft:stray":1,"iceandfire:pixie":2,"werewolves:werewolf_survivalist":2,"iceandfire:sea_serpent":3,"minecraft:cow":51,"alexsmobs:dropbear":1,"alexsmobs:raccoon":2,"alexsmobs:seagull":3,"alexsmobs:sugar_glider":1,"mowziesmobs:ferrous_wroughtnaut":1,"iceandfire:fire_dragon":1,"alexsmobs:bison":1,"minecraft:drowned":2,"alexsmobs:skunk":1,"minecraft:bat":1,"minecraft:wandering_trader":1,"minecraft:polar_bear":1,"iceandfire:ghost":6,"minecraft:wither_skeleton":10,"minecraft:enderman":1},"minecraft:used":{"iceandfire:tide_trident":1,"minecraft:iron_shovel":326,"minecraft:shield":101,"vampirism:altar_infusion":1,"minecraft:chest":4,"iceandfire:dragon_skull_ice":1,"minecraft:poppy":4,"minecraft:iron_sword":753,"vampirism:blood_container":33,"minecraft:rotten_flesh":13,"minecraft:iron_chestplate":1,"biomesoplenty:yellow_maple_sapling":1,"vampirism:coffin_white":9,"minecraft:snowball":18,"minecraft:obsidian":1,"minecraft:lava_bucket":62,"minecraft:iron_helmet":1,"vampirism:blood_sieve":4,"minecraft:stone_bricks":5,"minecraft:bow":52,"minecraft:oak_sapling":1,"minecraft:furnace":10,"biomesoplenty:fir_fence_gate":2,"minecraft:egg":3,"biomesoplenty:fir_fence":69,"minecraft:mossy_stone_bricks":2,"biomesoplenty:maple_planks":45,"minecraft:oak_planks":22,"iceandfire:dragonbone_sword_ice":2,"minecraft:sandstone":11,"biomesoplenty:fir_boat":1,"vampirism:human_heart":14,"biomesoplenty:fir_planks":5,"minecraft:sugar_cane":1,"minecraft:white_wool":6,"minecraft:sand":11,"minecraft:crossbow":3,"minecraft:cobbled_deepslate_stairs":40,"waystones:waystone":2,"minecraft:crying_obsidian":3,"werewolves:stone_altar_fire_bowl":1,"minecraft:bread":3,"vampirism:altar_pillar":11,"minecraft:gravel":2,"minecraft:diamond_sword":269,"iceandfire:dragon_skull_fire":1,"minecraft:oak_boat":2,"minecraft:bone_meal":192,"minecraft:experience_bottle":3,"travelersbackpack:blaze":1,"vampirism:heart_seeker_enhanced":11,"biomesoplenty:maple_boat":2,"biomesoplenty:redwood_planks":47,"minecraft:dirt":360,"iceandfire:frost_lily":3,"minecraft:stone_hoe":264,"travelersbackpack:bat":14,"minecraft:torch":57,"iceandfire:copper_sword":106,"minecraft:golden_shovel":34,"minecraft:iron_axe":117,"minecraft:iron_boots":2,"minecraft:basalt":1,"iceandfire:dragon_ice":2,"minecraft:cooked_beef":3,"minecraft:powder_snow_bucket":4,"minecraft:cobbled_deepslate":33,"minecraft:iron_leggings":3,"minecraft:wheat_seeds":501,"minecraft:water_bucket":98,"vampirism:altar_inspiration":2,"minecraft:cobblestone_stairs":11,"iceandfire:pixie_house_spruce":1,"minecraft:glass_bottle":5,"vampirism:blood_grinder":6,"minecraft:crafting_table":28,"minecraft:white_bed":3,"mowziesmobs:wrought_axe":457,"minecraft:oxeye_daisy":2,"minecraft:wooden_hoe":63,"minecraft:cornflower":7,"minecraft:diamond_pickaxe":221,"minecraft:diamond_shovel":541,"iceandfire:dragonbone_sword_fire":28,"minecraft:iron_pickaxe":752,"iceandfire:graveyard_soil":4,"iceandfire:ash":1,"vampirism:altar_tip":3,"minecraft:stone_axe":41,"travelersbackpack:standard":5,"minecraft:cobblestone":142,"minecraft:potion":5,"minecraft:purple_bed":7,"minecraft:cooked_porkchop":5,"minecraft:bucket":179,"minecraft:wither_rose":2,"minecraft:dandelion":8},"minecraft:custom":{"minecraft:animals_bred":81,"minecraft:interact_with_crafting_table":133,"minecraft:open_barrel":5,"minecraft:leave_game":20,"minecraft:time_since_death":46636,"minecraft:damage_resisted":145,"minecraft:sprint_one_cm":2797688,"minecraft:damage_blocked_by_shield":1852,"minecraft:drop":577,"vampirism:interact_with_coffin":23,"vampirism:interact_with_totem":1,"minecraft:talked_to_villager":2,"minecraft:play_time":865901,"minecraft:deaths":51,"minecraft:jump":9703,"vampirism:interact_with_blood_grinder":17,"minecraft:walk_on_water_one_cm":329282,"vampirism:altar_of_inspiration_rituals_performed":20,"minecraft:interact_with_furnace":74,"vampirism:interact_with_research_table":1,"vampirism:action_used_bat":60,"minecraft:sleep_in_bed":29,"vampirism:actions_used":73,"minecraft:waystone_activated":4,"vampirism:action_used_regen":13,"minecraft:damage_dealt":75378,"minecraft:player_kills":1,"minecraft:crouch_one_cm":31917,"minecraft:interact_with_smithing_table":21,"minecraft:interact_with_anvil":3,"minecraft:mob_kills":331,"vampirism:action_time_bat":30153,"minecraft:damage_dealt_resisted":4651,"minecraft:climb_one_cm":688,"vampirism:amount_bitten":631,"minecraft:walk_one_cm":2175963,"vampirism:skills_unlocked":72,"vampirism:action_time_regen":4920,"vampirism:interact_with_altar_inspiration":43,"minecraft:sneak_time":14332,"minecraft:walk_under_water_one_cm":220660,"minecraft:boat_one_cm":331071,"minecraft:total_world_time":865901,"vampirism:blood_drunk":218800,"vampirism:interact_with_injection_chair":2,"minecraft:time_since_rest":2486,"vampirism:resurrected":8,"minecraft:damage_taken":1993447,"minecraft:trigger_trapped_chest":2,"minecraft:swim_one_cm":493958,"minecraft:fly_one_cm":2628637,"minecraft:open_chest":269,"minecraft:fall_one_cm":232689},"minecraft:mined":{"minecraft:white_bed":1,"minecraft:farmland":12,"iceandfire:graveyard_soil":14,"minecraft:cobbled_deepslate_stairs":4,"minecraft:cobblestone_stairs":3,"biomesoplenty:red_maple_leaves":2,"minecraft:granite":5,"minecraft:budding_amethyst":1,"minecraft:grass_block":380,"minecraft:oxeye_daisy":2,"minecraft:spawner":5,"minecraft:tall_seagrass":1,"minecraft:polished_blackstone_bricks":4,"minecraft:iron_ore":42,"minecraft:fire":10,"biomesoplenty:lavender":3,"minecraft:pumpkin":6,"minecraft:azure_bluet":1,"werewolves:stone_altar_fire_bowl":1,"biomesoplenty:redwood_log":8,"minecraft:dirt_path":4,"minecraft:iron_bars":1,"biomesoplenty:yellow_maple_leaves":1,"minecraft:small_amethyst_bud":1,"iceandfire:pixie_house_spruce":1,"biomesoplenty:maple_log":33,"minecraft:amethyst_cluster":4,"minecraft:powder_snow":7,"biomesoplenty:hanging_cobweb_strand":1,"iceandfire:dragon_ice_spikes":2,"minecraft:torch":1,"vampirism:blood_grinder":4,"minecraft:poppy":1,"minecraft:calcite":2,"iceandfire:ghost_chest":2,"minecraft:chest":4,"iceandfire:frozen_dirt":2,"minecraft:nether_quartz_ore":13,"minecraft:cobblestone":18,"minecraft:oak_planks":3,"minecraft:amethyst_block":4,"minecraft:skeleton_skull":2,"minecraft:wheat":208,"biomesoplenty:fir_log":9,"minecraft:wither_rose":2,"minecraft:grass":142,"minecraft:oak_log":36,"minecraft:dirt":220,"minecraft:sand":291,"minecraft:smooth_basalt":1,"minecraft:deepslate":308,"minecraft:oak_leaves":15,"minecraft:netherrack":11,"minecraft:diamond_ore":1,"minecraft:tuff":20,"minecraft:deepslate_diamond_ore":22,"vampirism:altar_inspiration":1,"iceandfire:frozen_cobblestone":2,"vampirism:altar_pillar":11,"gravestone:gravestone":39,"vampirism:vampire_orchid":6,"minecraft:spruce_leaves":3,"iceandfire:dragon_ice":2,"biomesoplenty:dune_grass":2,"minecraft:sandstone":3,"biomesoplenty:tundra_shrub":1,"minecraft:large_fern":2,"travelersbackpack:bat":4,"minecraft:furnace":7,"minecraft:snow":3,"minecraft:andesite":24,"minecraft:gold_block":1,"biomesoplenty:sea_oats":7,"vampirism:altar_infusion":1,"minecraft:deepslate_iron_ore":22,"minecraft:vine":1,"minecraft:packed_ice":1,"iceandfire:frost_lily":6,"minecraft:stone":298,"iceandfire:podium_spruce":1,"minecraft:oak_slab":1,"minecraft:light_gray_carpet":3,"biomesoplenty:redwood_planks":8,"minecraft:glass_pane":1,"vampirism:dark_stone":17,"minecraft:snow_block":43,"minecraft:dandelion":12,"minecraft:oak_fence":3,"minecraft:basalt":1,"travelersbackpack:standard":1,"iceandfire:frozen_gravel":2,"minecraft:crafting_table":14,"minecraft:cornflower":3,"vampirism:coffin_white":7,"minecraft:tall_grass":10,"biomesoplenty:sprout":1,"minecraft:diorite":35,"minecraft:purple_bed":7,"minecraft:coarse_dirt":1,"biomesoplenty:fir_fence":33,"minecraft:stripped_spruce_wood":1,"minecraft:ice":2,"minecraft:white_carpet":9,"iceandfire:pixie_house_mushroom_red":1,"minecraft:coal_ore":39,"biomesoplenty:fir_leaves":1,"minecraft:gravel":40,"minecraft:cobweb":31,"biomesoplenty:orange_maple_leaf_pile":2,"minecraft:stone_bricks":3,"minecraft:mossy_stone_bricks":4,"biomesoplenty:redwood_wood":17,"minecraft:fern":3,"vampirism:blood_sieve":2,"vampirism:altar_tip":3},"minecraft:killed_by":{"minecraft:ghast":1,"vampirism:hunter_trainer":3,"iceandfire:cyclops":6,"iceandfire:siren":1,"iceandfire:sea_serpent":1,"iceandfire:ice_dragon":9,"mowziesmobs:frostmaw":1,"iceandfire:fire_dragon":16,"minecraft:player":3,"minecraft:stray":1,"alexsmobs:gelada_monkey":1,"iceandfire:ghost":2},"minecraft:dropped":{"biomesoplenty:fir_log":7,"minecraft:soul_sand":14,"minecraft:porkchop":16,"minecraft:brown_mushroom":2,"biomesoplenty:red_maple_sapling":1,"minecraft:cooked_beef":11,"minecraft:glass_bottle":22,"minecraft:diamond":18,"minecraft:crafting_table":3,"minecraft:cooked_porkchop":8,"vampirism:heart_seeker_enhanced":2,"iceandfire:chared_dirt":1,"iceandfire:tide_purple_boots":1,"minecraft:leather":16,"iceandfire:tide_trident":2,"iceandfire:ectoplasm":2,"iceandfire:gorgon_head":1,"biomesoplenty:orange_maple_sapling":2,"minecraft:emerald":10,"minecraft:flint":1,"minecraft:gold_block":1,"minecraft:dirt":102,"vampirism:injection_empty":6,"iceandfire:blindfold":1,"minecraft:cornflower":2,"minecraft:mutton":57,"minecraft:snowball":116,"minecraft:chain":2,"gravestone:obituary":71,"minecraft:sand":173,"minecraft:polished_blackstone_bricks":1,"iceandfire:fire_dragon_blood":1,"werewolves:wolfsbane":1,"minecraft:sugar":1,"minecraft:iron_pickaxe":6,"alexsmobs:raccoon_tail":1,"minecraft:white_wool":13,"minecraft:gold_ingot":91,"minecraft:bone":15,"minecraft:gravel":65,"iceandfire:tide_purple_helmet":2,"minecraft:stone_axe":1,"minecraft:sugar_cane":5,"minecraft:cobbled_deepslate":386,"minecraft:nether_brick":12,"minecraft:wheat":7,"minecraft:obsidian":2,"minecraft:rotten_flesh":22,"werewolves:raw_silver":2,"minecraft:oak_planks":2,"vampirism:blood_bottle":1,"minecraft:diamond_shovel":1,"minecraft:azure_bluet":1,"minecraft:carrot":1,"werewolves:dream_catcher":1,"minecraft:poppy":4,"iceandfire:sapphire_gem":3,"werewolves:bone_necklace":1,"iceandfire:ghost_chest":2,"iceandfire:armor_silver_metal_boots":1,"minecraft:gunpowder":4,"iceandfire:pixie_dust":16,"minecraft:chest":4,"minecraft:arrow":52,"minecraft:glass":102,"minecraft:beef":24,"minecraft:netherrack":8,"iceandfire:manuscript":2,"vampirism:item_garlic":2,"iceandfire:dragonbone_sword":1,"minecraft:stone_hoe":1,"minecraft:water_bucket":1,"minecraft:bread":3,"minecraft:oak_slab":1,"biomesoplenty:jacaranda_sapling":2,"iceandfire:pixie_house_mushroom_red":1,"minecraft:wheat_seeds":143,"biomesoplenty:maple_door":2,"minecraft:cobbled_deepslate_stairs":1,"iceandfire:armor_green_leggings":1,"vampirism:pure_salt":3,"iceandfire:dragonscales_green":4,"biomesoplenty:lavender":34,"minecraft:cobblestone":41,"minecraft:feather":3,"minecraft:lead":4,"minecraft:spectral_arrow":237,"iceandfire:frozen_gravel":1,"minecraft:amethyst_block":4,"minecraft:apple":3,"minecraft:granite":5,"minecraft:coal":8,"mowziesmobs:wrought_axe":1,"minecraft:stick":31,"minecraft:oxeye_daisy":2,"vampirism:purified_garlic":7,"iceandfire:podium_spruce":1,"minecraft:diorite":35,"minecraft:ink_sac":2,"minecraft:wooden_hoe":1,"iceandfire:armor_green_chestplate":1,"werewolves:cracked_bone":4,"alexsmobs:dropbear_claw":4,"minecraft:rabbit":3,"minecraft:diamond_helmet":3,"minecraft:iron_leggings":2,"werewolves:liver":7,"minecraft:pumpkin":3,"mowziesmobs:wrought_helmet":1,"minecraft:iron_axe":1,"minecraft:paper":6,"minecraft:string":42,"vampirism:garlic_bread":1,"minecraft:redstone":1,"minecraft:dandelion":10,"iceandfire:frozen_cobblestone":1,"iceandfire:silver_nugget":42,"minecraft:furnace":1,"iceandfire:ghost_ingot":1,"minecraft:raw_copper":9,"alexsmobs:pigshoes":2,"minecraft:tuff":8,"minecraft:raw_iron":9,"iceandfire:witherbone":2,"minecraft:chicken":3,"minecraft:clay_ball":4,"iceandfire:dragonbone_sword_fire":3,"minecraft:iron_boots":4,"iceandfire:dragonbone_sword_ice":3,"iceandfire:dragon_skull_ice":1,"minecraft:glass_pane":10,"minecraft:filled_map":1,"iceandfire:dragon_ice":1,"minecraft:diamond_sword":5,"biomesoplenty:fir_planks":3,"iceandfire:copper_sword":1,"minecraft:diamond_pickaxe":2,"minecraft:iron_chestplate":3,"minecraft:andesite":16,"minecraft:mossy_stone_bricks":6,"iceandfire:silver_ingot":7,"minecraft:oak_sapling":3,"minecraft:stone_bricks":2,"minecraft:spider_eye":4,"minecraft:bow":4,"iceandfire:sea_serpent_fang":6}},"DataVersion":3465}