{"stats":{"minecraft:mined":{"iceandfire:graveyard_soil":9,"minecraft:deepslate_diamond_ore":9,"minecraft:granite":5,"minecraft:grass_block":1,"minecraft:oxeye_daisy":1,"minecraft:spawner":3,"minecraft:large_fern":2,"minecraft:furnace":2,"minecraft:iron_ore":42,"werewolves:stone_altar_fire_bowl":1,"biomesoplenty:redwood_log":8,"minecraft:deepslate_iron_ore":18,"minecraft:stone":48,"biomesoplenty:redwood_planks":8,"minecraft:oak_fence":2,"minecraft:crafting_table":5,"minecraft:torch":1,"iceandfire:ghost_chest":1,"minecraft:chest":4,"minecraft:tall_grass":3,"minecraft:oak_planks":1,"minecraft:skeleton_skull":2,"minecraft:wheat":4,"biomesoplenty:fir_log":5,"minecraft:wither_rose":2,"minecraft:grass":7,"minecraft:coal_ore":38,"minecraft:oak_log":6,"biomesoplenty:fir_leaves":1,"minecraft:dirt":16,"minecraft:cobweb":19,"biomesoplenty:redwood_wood":17,"minecraft:oak_leaves":9,"minecraft:deepslate":26,"minecraft:fern":1},"minecraft:used":{"vampirism:heart_seeker_enhanced":11,"minecraft:iron_shovel":29,"biomesoplenty:redwood_planks":46,"minecraft:shield":45,"minecraft:iron_sword":125,"minecraft:rotten_flesh":11,"travelersbackpack:bat":1,"minecraft:iron_chestplate":1,"minecraft:torch":57,"vampirism:coffin_white":1,"iceandfire:copper_sword":106,"minecraft:lava_bucket":20,"minecraft:iron_axe":39,"minecraft:iron_helmet":1,"minecraft:iron_boots":1,"minecraft:furnace":2,"minecraft:egg":3,"minecraft:cooked_beef":3,"minecraft:cobbled_deepslate":1,"minecraft:iron_leggings":1,"minecraft:wheat_seeds":4,"minecraft:water_bucket":5,"biomesoplenty:fir_planks":5,"vampirism:human_heart":6,"minecraft:crafting_table":8,"minecraft:bread":3,"minecraft:iron_pickaxe":196,"werewolves:stone_altar_fire_bowl":1,"minecraft:stone_axe":41,"minecraft:cobblestone":8,"minecraft:cooked_porkchop":5,"minecraft:bucket":29,"minecraft:wither_rose":2},"minecraft:picked_up":{"biomesoplenty:redwood_log":8,"minecraft:iron_chestplate":1,"minecraft:crafting_table":7,"minecraft:wheat":7,"minecraft:chicken":2,"iceandfire:copper_sword":1,"minecraft:brown_mushroom":2,"minecraft:wither_rose":2,"minecraft:chain":2,"minecraft:shield":1,"minecraft:string":34,"minecraft:iron_axe":1,"minecraft:cobbled_deepslate":29,"biomesoplenty:fir_planks":24,"minecraft:beef":17,"vampirism:garlic_bread":1,"minecraft:iron_pickaxe":2,"biomesoplenty:redwood_wood":16,"alexsmobs:raccoon_tail":2,"minecraft:chest":4,"minecraft:egg":3,"minecraft:furnace":3,"minecraft:raw_iron":64,"minecraft:stick":24,"iceandfire:ghost_chest":2,"minecraft:torch":49,"werewolves:liver":4,"minecraft:porkchop":4,"werewolves:stone_altar_fire_bowl":1,"vampirism:vampire_fang":1,"minecraft:carrot":1,"minecraft:redstone":1,"biomesoplenty:redwood_planks":100,"minecraft:arrow":30,"minecraft:rotten_flesh":18,"vampirism:purified_garlic":7,"minecraft:mutton":1,"minecraft:skeleton_skull":3,"minecraft:cobblestone":84,"minecraft:cooked_beef":14,"minecraft:water_bucket":1,"minecraft:leather":4,"minecraft:potato":4,"biomesoplenty:fir_log":7,"minecraft:oak_log":16,"minecraft:dirt":68,"minecraft:bone":22,"vampirism:human_heart":6,"minecraft:apple":2,"minecraft:wheat_seeds":15,"vampirism:item_garlic":1,"minecraft:iron_ingot":1,"minecraft:glass_bottle":1,"vampirism:pure_salt":3,"minecraft:cooked_porkchop":8,"vampirism:ring":1,"alexsmobs:animal_dictionary":2,"minecraft:sugar":1,"minecraft:diamond":13,"minecraft:stone_axe":1,"minecraft:granite":5,"minecraft:bread":3,"werewolves:cracked_bone":3,"minecraft:oak_sapling":2,"minecraft:coal":56},"minecraft:killed":{"vampirism:vampire":2,"minecraft:cave_spider":5,"minecraft:witch":1,"alexsmobs:raccoon":1,"minecraft:spider":3,"minecraft:skeleton":18,"minecraft:drowned":1,"alexsmobs:skunk":1,"vampirism:hunter":6,"minecraft:zombie":8},"minecraft:crafted":{"minecraft:oak_planks":28,"minecraft:furnace":1,"minecraft:iron_boots":1,"minecraft:iron_axe":1,"minecraft:crafting_table":3,"biomesoplenty:redwood_planks":96,"minecraft:iron_helmet":1,"minecraft:iron_sword":1,"minecraft:air":0,"biomesoplenty:fir_planks":20,"minecraft:iron_chestplate":1,"minecraft:shield":1,"minecraft:stick":40,"minecraft:iron_ingot":23,"vampirism:coffin_white":1,"minecraft:iron_shovel":1,"minecraft:iron_leggings":1,"minecraft:torch":64},"minecraft:dropped":{"vampirism:item_garlic":1,"minecraft:bread":3,"minecraft:porkchop":4,"minecraft:wheat_seeds":11,"minecraft:cooked_beef":11,"vampirism:pure_salt":3,"minecraft:cooked_porkchop":3,"vampirism:heart_seeker_enhanced":2,"minecraft:leather":4,"minecraft:apple":3,"minecraft:granite":5,"minecraft:coal":6,"vampirism:purified_garlic":7,"minecraft:dirt":68,"minecraft:mutton":3,"werewolves:cracked_bone":4,"minecraft:rabbit":3,"minecraft:chain":2,"minecraft:iron_axe":1,"minecraft:sugar":1,"minecraft:iron_pickaxe":1,"minecraft:string":8,"alexsmobs:raccoon_tail":1,"vampirism:garlic_bread":1,"minecraft:furnace":1,"minecraft:stone_axe":1,"minecraft:cobbled_deepslate":28,"minecraft:wheat":7,"minecraft:raw_iron":4,"minecraft:chicken":3,"minecraft:rotten_flesh":4,"minecraft:carrot":1,"iceandfire:ghost_chest":1,"iceandfire:copper_sword":1,"minecraft:oak_sapling":2,"minecraft:beef":17},"minecraft:killed_by":{"alexsmobs:gelada_monkey":1,"iceandfire:ghost":2},"minecraft:custom":{"minecraft:mob_kills":51,"minecraft:animals_bred":1,"minecraft:interact_with_crafting_table":17,"minecraft:open_barrel":5,"minecraft:time_since_death":86124,"minecraft:damage_resisted":6,"minecraft:sprint_one_cm":429932,"vampirism:amount_bitten":57,"minecraft:walk_one_cm":257053,"minecraft:damage_blocked_by_shield":1106,"vampirism:interact_with_coffin":3,"minecraft:drop":53,"vampirism:skills_unlocked":1,"minecraft:sneak_time":2630,"minecraft:play_time":105957,"minecraft:deaths":3,"minecraft:walk_under_water_one_cm":11265,"minecraft:jump":1493,"minecraft:walk_on_water_one_cm":38065,"minecraft:total_world_time":105957,"vampirism:blood_drunk":18500,"minecraft:interact_with_furnace":13,"minecraft:sleep_in_bed":4,"minecraft:time_since_rest":31622,"minecraft:damage_taken":3108,"minecraft:trigger_trapped_chest":1,"minecraft:damage_dealt":10552,"minecraft:swim_one_cm":50315,"minecraft:fly_one_cm":248221,"minecraft:open_chest":26,"minecraft:crouch_one_cm":5051,"minecraft:fall_one_cm":37633}},"DataVersion":3465}