{
  "minecraft:recipes/decorations/crafting_table": {
    "criteria": {
      "unlock_right_away": "2024-10-21 04:59:15 +0000"
    },
    "done": true
  },
  "mowziesmobs:root": {
    "criteria": {
      "custom_test_name": "2024-10-21 04:59:15 +0000"
    },
    "done": true
  },
  "iceandfire:iceandfire/root": {
    "criteria": {
      "tick": "2024-10-21 04:59:15 +0000"
    },
    "done": true
  },
  "biomesoplenty:biomesoplenty/all_biomes": {
    "criteria": {
      "jacaranda_glade": "2024-10-21 05:03:02 +0000",
      "jade_cliffs": "2024-10-21 06:02:56 +0000",
      "coniferous_forest": "2024-10-21 05:00:37 +0000",
      "redwood_forest": "2024-10-21 05:18:20 +0000",
      "aspen_glade": "2024-10-21 04:59:58 +0000",
      "dune_beach": "2024-10-21 05:03:30 +0000",
      "seasonal_forest": "2024-10-21 05:00:02 +0000",
      "pasture": "2024-10-21 05:00:43 +0000",
      "lavender_field": "2024-10-21 05:01:02 +0000",
      "fir_clearing": "2024-10-21 04:59:16 +0000",
      "prairie": "2024-10-21 05:03:31 +0000",
      "gravel_beach": "2024-10-21 05:43:56 +0000"
    },
    "done": false
  },
  "biomesoplenty:biomesoplenty/root": {
    "criteria": {
      "fir_clearing": "2024-10-21 04:59:16 +0000"
    },
    "done": true
  },
  "minecraft:adventure/adventuring_time": {
    "criteria": {
      "minecraft:snowy_slopes": "2024-10-21 06:03:35 +0000",
      "minecraft:deep_ocean": "2024-10-24 03:29:22 +0000",
      "minecraft:sunflower_plains": "2024-10-21 05:54:15 +0000",
      "minecraft:beach": "2024-10-21 05:07:27 +0000",
      "minecraft:river": "2024-10-21 05:00:00 +0000",
      "minecraft:stony_shore": "2024-10-21 05:54:51 +0000",
      "minecraft:grove": "2024-10-21 06:03:25 +0000",
      "minecraft:jagged_peaks": "2024-10-21 06:03:47 +0000",
      "minecraft:forest": "2024-10-21 05:20:04 +0000",
      "minecraft:ocean": "2024-10-24 03:14:33 +0000",
      "minecraft:meadow": "2024-10-21 06:01:57 +0000",
      "minecraft:plains": "2024-10-21 05:03:54 +0000"
    },
    "done": false
  },
  "twilightforest:recipes/transportation/twilight_oak_boat": {
    "criteria": {
      "in_water": "2024-10-21 05:00:01 +0000"
    },
    "done": true
  },
  "twilightforest:recipes/transportation/time_boat": {
    "criteria": {
      "in_water": "2024-10-21 05:00:01 +0000"
    },
    "done": true
  },
  "twilightforest:recipes/transportation/mining_boat": {
    "criteria": {
      "in_water": "2024-10-21 05:00:01 +0000"
    },
    "done": true
  },
  "biomesoplenty:recipes/transportation/willow_boat": {
    "criteria": {
      "in_water": "2024-10-21 05:00:01 +0000"
    },
    "done": true
  },
  "twilightforest:recipes/transportation/mangrove_boat": {
    "criteria": {
      "in_water": "2024-10-21 05:00:01 +0000"
    },
    "done": true
  },
  "biomesoplenty:recipes/transportation/fir_boat": {
    "criteria": {
      "in_water": "2024-10-21 05:00:01 +0000"
    },
    "done": true
  },
  "twilightforest:recipes/transportation/transformation_boat": {
    "criteria": {
      "in_water": "2024-10-21 05:00:01 +0000"
    },
    "done": true
  },
  "minecraft:recipes/transportation/cherry_boat": {
    "criteria": {
      "in_water": "2024-10-21 05:00:01 +0000"
    },
    "done": true
  },
  "biomesoplenty:recipes/transportation/umbran_boat": {
    "criteria": {
      "in_water": "2024-10-21 05:00:01 +0000"
    },
    "done": true
  },
  "minecraft:recipes/transportation/bamboo_raft": {
    "criteria": {
      "in_water": "2024-10-21 05:00:01 +0000"
    },
    "done": true
  },
  "biomesoplenty:recipes/transportation/maple_boat": {
    "criteria": {
      "in_water": "2024-10-21 05:00:01 +0000"
    },
    "done": true
  },
  "biomesoplenty:recipes/transportation/dead_boat": {
    "criteria": {
      "in_water": "2024-10-21 05:00:01 +0000"
    },
    "done": true
  },
  "minecraft:recipes/transportation/spruce_boat": {
    "criteria": {
      "in_water": "2024-10-21 05:00:01 +0000"
    },
    "done": true
  },
  "biomesoplenty:recipes/transportation/magic_boat": {
    "criteria": {
      "in_water": "2024-10-21 05:00:01 +0000"
    },
    "done": true
  },
  "minecraft:recipes/transportation/birch_boat": {
    "criteria": {
      "in_water": "2024-10-21 05:00:01 +0000"
    },
    "done": true
  },
  "minecraft:recipes/transportation/oak_boat": {
    "criteria": {
      "in_water": "2024-10-21 05:00:01 +0000"
    },
    "done": true
  },
  "vampirism:recipes/transportation/cursed_spruce_boat": {
    "criteria": {
      "in_water": "2024-10-21 05:00:01 +0000"
    },
    "done": true
  },
  "biomesoplenty:recipes/transportation/redwood_boat": {
    "criteria": {
      "in_water": "2024-10-21 05:00:01 +0000"
    },
    "done": true
  },
  "minecraft:recipes/transportation/mangrove_boat": {
    "criteria": {
      "in_water": "2024-10-21 05:00:01 +0000"
    },
    "done": true
  },
  "biomesoplenty:recipes/transportation/hellbark_boat": {
    "criteria": {
      "in_water": "2024-10-21 05:00:01 +0000"
    },
    "done": true
  },
  "biomesoplenty:recipes/transportation/jacaranda_boat": {
    "criteria": {
      "in_water": "2024-10-21 05:00:01 +0000"
    },
    "done": true
  },
  "twilightforest:recipes/transportation/canopy_boat": {
    "criteria": {
      "in_water": "2024-10-21 05:00:01 +0000"
    },
    "done": true
  },
  "biomesoplenty:recipes/transportation/mahogany_boat": {
    "criteria": {
      "in_water": "2024-10-21 05:00:01 +0000"
    },
    "done": true
  },
  "twilightforest:recipes/transportation/dark_boat": {
    "criteria": {
      "in_water": "2024-10-21 05:00:01 +0000"
    },
    "done": true
  },
  "vampirism:recipes/transportation/dark_spruce_boat": {
    "criteria": {
      "in_water": "2024-10-21 05:00:01 +0000"
    },
    "done": true
  },
  "biomesoplenty:recipes/transportation/palm_boat": {
    "criteria": {
      "in_water": "2024-10-21 05:00:01 +0000"
    },
    "done": true
  },
  "biomesoplenty:recipes/transportation/empyreal_boat": {
    "criteria": {
      "in_water": "2024-10-21 05:00:01 +0000"
    },
    "done": true
  },
  "werewolves:recipes/transportation/jacaranda_boat": {
    "criteria": {
      "in_water": "2024-10-21 05:00:01 +0000"
    },
    "done": true
  },
  "biomesoplenty:recipes/transportation/pine_boat": {
    "criteria": {
      "in_water": "2024-10-21 05:00:01 +0000"
    },
    "done": true
  },
  "minecraft:recipes/transportation/acacia_boat": {
    "criteria": {
      "in_water": "2024-10-21 05:00:01 +0000"
    },
    "done": true
  },
  "twilightforest:recipes/transportation/sorting_boat": {
    "criteria": {
      "in_water": "2024-10-21 05:00:01 +0000"
    },
    "done": true
  },
  "werewolves:recipes/transportation/magic_boat": {
    "criteria": {
      "in_water": "2024-10-21 05:00:01 +0000"
    },
    "done": true
  },
  "minecraft:recipes/transportation/jungle_boat": {
    "criteria": {
      "in_water": "2024-10-21 05:00:01 +0000"
    },
    "done": true
  },
  "minecraft:recipes/transportation/dark_oak_boat": {
    "criteria": {
      "in_water": "2024-10-21 05:00:01 +0000"
    },
    "done": true
  },
  "biomesoplenty:recipes/building_blocks/maple_wood": {
    "criteria": {
      "has_log": "2024-10-21 05:00:13 +0000"
    },
    "done": true
  },
  "vampirism:recipes/decorations/general/fire_place": {
    "criteria": {
      "has_logs": "2024-10-21 05:00:13 +0000"
    },
    "done": true
  },
  "biomesoplenty:recipes/building_blocks/maple_planks": {
    "criteria": {
      "has_logs": "2024-10-21 05:00:13 +0000"
    },
    "done": true
  },
  "minecraft:recipes/misc/charcoal": {
    "criteria": {
      "has_log": "2024-10-21 05:00:13 +0000"
    },
    "done": true
  },
  "vampirism:recipes/alchemy_table/alchemy_table/plant_oil": {
    "criteria": {
      "has_wheat_seeds": "2024-10-21 05:00:44 +0000"
    },
    "done": true
  },
  "biomesoplenty:recipes/misc/purple_dye_from_lavender": {
    "criteria": {
      "has_lavender": "2024-10-21 05:01:01 +0000"
    },
    "done": true
  },
  "minecraft:adventure/root": {
    "criteria": {
      "killed_by_something": "2024-10-21 05:01:56 +0000"
    },
    "done": true
  },
  "minecraft:recipes/misc/light_blue_dye_from_blue_orchid": {
    "criteria": {
      "has_blue_orchid": "2024-10-21 05:03:10 +0000"
    },
    "done": true
  },
  "minecraft:recipes/misc/white_dye_from_lily_of_the_valley": {
    "criteria": {
      "has_lily_of_the_valley": "2024-10-21 05:03:10 +0000"
    },
    "done": true
  },
  "minecraft:recipes/building_blocks/cherry_planks": {
    "criteria": {
      "has_log": "2024-10-21 05:03:22 +0000"
    },
    "done": true
  },
  "minecraft:recipes/building_blocks/cherry_wood": {
    "criteria": {
      "has_log": "2024-10-21 05:03:22 +0000"
    },
    "done": true
  },
  "iceandfire:recipes/misc/silver_ingot_to_silver_nugget": {
    "criteria": {
      "has_silver_ingot": "2024-10-21 05:04:26 +0000"
    },
    "done": true
  },
  "werewolves:recipes/alchemy_table/alchemy_table/silver_oil_2": {
    "criteria": {
      "has_silver_ingot": "2024-10-21 05:04:26 +0000"
    },
    "done": true
  },
  "werewolves:recipes/alchemy_table/alchemy_table/silver_oil_1": {
    "criteria": {
      "has_silver_ingot": "2024-10-21 05:04:26 +0000"
    },
    "done": true
  },
  "werewolves:recipes/misc/silver_pickaxe": {
    "criteria": {
      "has_silver_ingot": "2024-10-21 05:04:26 +0000"
    },
    "done": true
  },
  "werewolves:recipes/combat/silver_leggings": {
    "criteria": {
      "has_silver_ingot": "2024-10-21 05:04:26 +0000"
    },
    "done": true
  },
  "werewolves:recipes/combat/silver_chestplate": {
    "criteria": {
      "has_silver_ingot": "2024-10-21 05:04:26 +0000"
    },
    "done": true
  },
  "iceandfire:recipes/building_blocks/silver_ingot_to_silver_block": {
    "criteria": {
      "has_silver_ingot": "2024-10-21 05:04:26 +0000"
    },
    "done": true
  },
  "werewolves:recipes/combat/silver_boots": {
    "criteria": {
      "has_silver_ingot": "2024-10-21 05:04:26 +0000"
    },
    "done": true
  },
  "werewolves:recipes/misc/silver_axe": {
    "criteria": {
      "has_silver_ingot": "2024-10-21 05:04:26 +0000"
    },
    "done": true
  },
  "werewolves:recipes/misc/silver_shovel": {
    "criteria": {
      "has_silver_ingot": "2024-10-21 05:04:26 +0000"
    },
    "done": true
  },
  "werewolves:recipes/misc/wolfsbane_finder": {
    "criteria": {
      "has_silver_ingot": "2024-10-21 05:04:26 +0000"
    },
    "done": true
  },
  "werewolves:recipes/combat/silver_helmet": {
    "criteria": {
      "has_silver_ingot": "2024-10-21 05:04:26 +0000"
    },
    "done": true
  },
  "werewolves:recipes/misc/silver_sword": {
    "criteria": {
      "has_silver_ingot": "2024-10-21 05:04:26 +0000"
    },
    "done": true
  },
  "werewolves:recipes/misc/silver_hoe": {
    "criteria": {
      "has_silver_ingot": "2024-10-21 05:04:26 +0000"
    },
    "done": true
  },
  "iceandfire:recipes/misc/ghost_chest": {
    "criteria": {
      "has_item": "2024-10-21 05:04:27 +0000"
    },
    "done": true
  },
  "minecraft:recipes/misc/bone_meal": {
    "criteria": {
      "has_bone": "2024-10-21 05:04:27 +0000"
    },
    "done": true
  },
  "travelersbackpack:recipes/misc/wolf": {
    "criteria": {
      "has_bone": "2024-10-21 05:04:27 +0000"
    },
    "done": true
  },
  "iceandfire:recipes/building_blocks/graveyard_soil": {
    "criteria": {
      "has_item": "2024-10-21 05:04:27 +0000"
    },
    "done": true
  },
  "minecraft:recipes/decorations/chest": {
    "criteria": {
      "has_lots_of_items": "2024-10-21 05:04:28 +0000"
    },
    "done": true
  },
  "biomesoplenty:recipes/building_blocks/jacaranda_planks": {
    "criteria": {
      "has_logs": "2024-10-21 05:06:32 +0000"
    },
    "done": true
  },
  "biomesoplenty:recipes/building_blocks/jacaranda_wood": {
    "criteria": {
      "has_log": "2024-10-21 05:06:32 +0000"
    },
    "done": true
  },
  "minecraft:husbandry/root": {
    "criteria": {
      "consumed_item": "2024-10-21 05:06:40 +0000"
    },
    "done": true
  },
  "minecraft:husbandry/balanced_diet": {
    "criteria": {
      "cooked_mutton": "2024-10-21 06:02:13 +0000",
      "rotten_flesh": "2024-10-21 05:06:40 +0000"
    },
    "done": false
  },
  "minecraft:adventure/sleep_in_bed": {
    "criteria": {
      "slept_in_bed": "2024-10-21 05:09:08 +0000"
    },
    "done": true
  },
  "vampirism:recipes/decorations/item_tent": {
    "criteria": {
      "has_bed": "2024-10-21 05:10:02 +0000"
    },
    "done": true
  },
  "minecraft:recipes/combat/bow": {
    "criteria": {
      "has_string": "2024-10-21 05:11:33 +0000"
    },
    "done": true
  },
  "minecraft:recipes/tools/fishing_rod": {
    "criteria": {
      "has_string": "2024-10-21 05:11:33 +0000"
    },
    "done": true
  },
  "minecraft:recipes/redstone/tripwire_hook": {
    "criteria": {
      "has_string": "2024-10-21 05:11:33 +0000"
    },
    "done": true
  },
  "travelersbackpack:recipes/misc/spider": {
    "criteria": {
      "has_string": "2024-10-21 05:11:33 +0000"
    },
    "done": true
  },
  "minecraft:recipes/decorations/candle": {
    "criteria": {
      "has_string": "2024-10-21 05:11:33 +0000"
    },
    "done": true
  },
  "vampirism:recipes/decorations/vampire/candelabra": {
    "criteria": {
      "has_string": "2024-10-21 05:11:33 +0000"
    },
    "done": true
  },
  "vampirism:recipes/decorations/vampire/chandelier": {
    "criteria": {
      "has_string": "2024-10-21 05:11:33 +0000"
    },
    "done": true
  },
  "biomesoplenty:recipes/building_blocks/fir_wood": {
    "criteria": {
      "has_log": "2024-10-21 05:11:33 +0000"
    },
    "done": true
  },
  "minecraft:recipes/building_blocks/white_wool_from_string": {
    "criteria": {
      "has_string": "2024-10-21 05:11:33 +0000"
    },
    "done": true
  },
  "minecraft:recipes/combat/crossbow": {
    "criteria": {
      "has_string": "2024-10-21 05:11:33 +0000"
    },
    "done": true
  },
  "biomesoplenty:recipes/building_blocks/fir_planks": {
    "criteria": {
      "has_logs": "2024-10-21 05:11:33 +0000"
    },
    "done": true
  },
  "minecraft:recipes/decorations/loom": {
    "criteria": {
      "has_string": "2024-10-21 05:11:33 +0000"
    },
    "done": true
  },
  "minecraft:recipes/redstone/lever": {
    "criteria": {
      "has_cobblestone": "2024-10-21 05:11:34 +0000"
    },
    "done": true
  },
  "iceandfire:recipes/misc/dragon_meal": {
    "criteria": {
      "has_item": "2024-10-21 05:11:34 +0000"
    },
    "done": true
  },
  "minecraft:recipes/food/cooked_chicken_from_campfire_cooking": {
    "criteria": {
      "has_chicken": "2024-10-21 05:11:34 +0000"
    },
    "done": true
  },
  "minecraft:recipes/combat/stone_sword": {
    "criteria": {
      "has_cobblestone": "2024-10-21 05:11:34 +0000"
    },
    "done": true
  },
  "minecraft:recipes/decorations/cobblestone_wall": {
    "criteria": {
      "has_cobblestone": "2024-10-21 05:11:34 +0000"
    },
    "done": true
  },
  "minecraft:recipes/food/cooked_chicken": {
    "criteria": {
      "has_chicken": "2024-10-21 05:11:34 +0000"
    },
    "done": true
  },
  "minecraft:recipes/tools/stone_axe": {
    "criteria": {
      "has_cobblestone": "2024-10-21 05:11:34 +0000"
    },
    "done": true
  },
  "minecraft:story/mine_stone": {
    "criteria": {
      "get_stone": "2024-10-21 05:11:34 +0000"
    },
    "done": true
  },
  "minecraft:recipes/decorations/furnace": {
    "criteria": {
      "has_cobblestone": "2024-10-21 05:11:34 +0000"
    },
    "done": true
  },
  "minecraft:recipes/building_blocks/cobblestone_slab_from_cobblestone_stonecutting": {
    "criteria": {
      "has_cobblestone": "2024-10-21 05:11:34 +0000"
    },
    "done": true
  },
  "minecraft:recipes/building_blocks/stone": {
    "criteria": {
      "has_cobblestone": "2024-10-21 05:11:34 +0000"
    },
    "done": true
  },
  "vampirism:recipes/decorations/general/tombstone2": {
    "criteria": {
      "has_coble": "2024-10-21 05:11:34 +0000"
    },
    "done": true
  },
  "minecraft:recipes/decorations/torch": {
    "criteria": {
      "has_stone_pickaxe": "2024-10-21 05:11:34 +0000"
    },
    "done": true
  },
  "minecraft:recipes/tools/stone_pickaxe": {
    "criteria": {
      "has_cobblestone": "2024-10-21 05:11:34 +0000"
    },
    "done": true
  },
  "minecraft:recipes/food/cooked_chicken_from_smoking": {
    "criteria": {
      "has_chicken": "2024-10-21 05:11:34 +0000"
    },
    "done": true
  },
  "minecraft:story/upgrade_tools": {
    "criteria": {
      "stone_pickaxe": "2024-10-21 05:11:34 +0000"
    },
    "done": true
  },
  "minecraft:recipes/building_blocks/cobblestone_slab": {
    "criteria": {
      "has_cobblestone": "2024-10-21 05:11:34 +0000"
    },
    "done": true
  },
  "minecraft:recipes/decorations/cobblestone_wall_from_cobblestone_stonecutting": {
    "criteria": {
      "has_cobblestone": "2024-10-21 05:11:34 +0000"
    },
    "done": true
  },
  "minecraft:recipes/building_blocks/cobblestone_stairs_from_cobblestone_stonecutting": {
    "criteria": {
      "has_cobblestone": "2024-10-21 05:11:34 +0000"
    },
    "done": true
  },
  "minecraft:recipes/building_blocks/cobblestone_stairs": {
    "criteria": {
      "has_cobblestone": "2024-10-21 05:11:34 +0000"
    },
    "done": true
  },
  "minecraft:recipes/tools/stone_hoe": {
    "criteria": {
      "has_cobblestone": "2024-10-21 05:11:34 +0000"
    },
    "done": true
  },
  "minecraft:recipes/tools/stone_shovel": {
    "criteria": {
      "has_cobblestone": "2024-10-21 05:11:34 +0000"
    },
    "done": true
  },
  "minecraft:recipes/misc/gold_nugget_from_smelting": {
    "criteria": {
      "has_golden_leggings": "2024-10-21 05:11:35 +0000"
    },
    "done": true
  },
  "minecraft:recipes/misc/gold_nugget_from_blasting": {
    "criteria": {
      "has_golden_leggings": "2024-10-21 05:11:35 +0000"
    },
    "done": true
  },
  "minecraft:recipes/misc/black_dye_from_wither_rose": {
    "criteria": {
      "has_wither_rose": "2024-10-21 05:11:35 +0000"
    },
    "done": true
  },
  "minecraft:recipes/combat/leather_helmet": {
    "criteria": {
      "has_leather": "2024-10-21 05:12:01 +0000"
    },
    "done": true
  },
  "minecraft:recipes/combat/leather_leggings": {
    "criteria": {
      "has_leather": "2024-10-21 05:12:01 +0000"
    },
    "done": true
  },
  "iceandfire:recipes/misc/blindfold": {
    "criteria": {
      "has_item": "2024-10-21 05:12:01 +0000"
    },
    "done": true
  },
  "minecraft:recipes/combat/leather_chestplate": {
    "criteria": {
      "has_leather": "2024-10-21 05:12:01 +0000"
    },
    "done": true
  },
  "minecraft:recipes/misc/leather_horse_armor": {
    "criteria": {
      "has_leather": "2024-10-21 05:12:01 +0000"
    },
    "done": true
  },
  "travelersbackpack:recipes/misc/horse": {
    "criteria": {
      "has_leather": "2024-10-21 05:12:01 +0000"
    },
    "done": true
  },
  "minecraft:recipes/decorations/item_frame": {
    "criteria": {
      "has_leather": "2024-10-21 05:12:01 +0000"
    },
    "done": true
  },
  "minecraft:recipes/combat/leather_boots": {
    "criteria": {
      "has_leather": "2024-10-21 05:12:01 +0000"
    },
    "done": true
  },
  "minecraft:recipes/building_blocks/oak_planks": {
    "criteria": {
      "has_logs": "2024-10-21 05:13:58 +0000"
    },
    "done": true
  },
  "minecraft:recipes/building_blocks/oak_wood": {
    "criteria": {
      "has_log": "2024-10-21 05:13:58 +0000"
    },
    "done": true
  },
  "minecraft:recipes/decorations/ladder": {
    "criteria": {
      "has_stick": "2024-10-21 05:14:18 +0000"
    },
    "done": true
  },
  "vampirism:recipes/combat/hunter/stake": {
    "criteria": {
      "has_sticks": "2024-10-21 05:14:18 +0000"
    },
    "done": true
  },
  "werewolves:recipes/misc/weapontable/crossbow_arrow_silver_bolt": {
    "criteria": {
      "hasSticks": "2024-10-21 05:14:18 +0000"
    },
    "done": true
  },
  "minecraft:recipes/tools/wooden_axe": {
    "criteria": {
      "has_stick": "2024-10-21 05:14:18 +0000"
    },
    "done": true
  },
  "vampirism:recipes/decorations/general/throne": {
    "criteria": {
      "has_stick": "2024-10-21 05:14:18 +0000"
    },
    "done": true
  },
  "minecraft:recipes/decorations/campfire": {
    "criteria": {
      "has_stick": "2024-10-21 05:14:18 +0000"
    },
    "done": true
  },
  "minecraft:recipes/tools/wooden_hoe": {
    "criteria": {
      "has_stick": "2024-10-21 05:14:18 +0000"
    },
    "done": true
  },
  "minecraft:recipes/tools/wooden_pickaxe": {
    "criteria": {
      "has_stick": "2024-10-21 05:14:18 +0000"
    },
    "done": true
  },
  "minecraft:recipes/tools/wooden_shovel": {
    "criteria": {
      "has_stick": "2024-10-21 05:14:18 +0000"
    },
    "done": true
  },
  "vampirism:recipes/combat/hunter/crucifix": {
    "criteria": {
      "stick": "2024-10-21 05:14:18 +0000"
    },
    "done": true
  },
  "minecraft:recipes/combat/wooden_sword": {
    "criteria": {
      "has_stick": "2024-10-21 05:14:18 +0000"
    },
    "done": true
  },
  "minecraft:recipes/building_blocks/light_gray_concrete_powder": {
    "criteria": {
      "has_sand": "2024-10-21 05:16:48 +0000"
    },
    "done": true
  },
  "minecraft:recipes/building_blocks/pink_concrete_powder": {
    "criteria": {
      "has_sand": "2024-10-21 05:16:48 +0000"
    },
    "done": true
  },
  "minecraft:recipes/building_blocks/red_concrete_powder": {
    "criteria": {
      "has_sand": "2024-10-21 05:16:48 +0000"
    },
    "done": true
  },
  "minecraft:recipes/building_blocks/brown_concrete_powder": {
    "criteria": {
      "has_sand": "2024-10-21 05:16:48 +0000"
    },
    "done": true
  },
  "minecraft:recipes/building_blocks/light_blue_concrete_powder": {
    "criteria": {
      "has_sand": "2024-10-21 05:16:48 +0000"
    },
    "done": true
  },
  "minecraft:recipes/building_blocks/glass": {
    "criteria": {
      "has_smelts_to_glass": "2024-10-21 05:16:48 +0000"
    },
    "done": true
  },
  "minecraft:recipes/building_blocks/green_concrete_powder": {
    "criteria": {
      "has_sand": "2024-10-21 05:16:48 +0000"
    },
    "done": true
  },
  "minecraft:recipes/building_blocks/blue_concrete_powder": {
    "criteria": {
      "has_sand": "2024-10-21 05:16:48 +0000"
    },
    "done": true
  },
  "minecraft:recipes/building_blocks/white_concrete_powder": {
    "criteria": {
      "has_sand": "2024-10-21 05:16:48 +0000"
    },
    "done": true
  },
  "minecraft:recipes/building_blocks/lime_concrete_powder": {
    "criteria": {
      "has_sand": "2024-10-21 05:16:48 +0000"
    },
    "done": true
  },
  "minecraft:recipes/building_blocks/orange_concrete_powder": {
    "criteria": {
      "has_sand": "2024-10-21 05:16:48 +0000"
    },
    "done": true
  },
  "minecraft:recipes/building_blocks/magenta_concrete_powder": {
    "criteria": {
      "has_sand": "2024-10-21 05:16:48 +0000"
    },
    "done": true
  },
  "minecraft:recipes/building_blocks/yellow_concrete_powder": {
    "criteria": {
      "has_sand": "2024-10-21 05:16:48 +0000"
    },
    "done": true
  },
  "minecraft:recipes/building_blocks/sandstone": {
    "criteria": {
      "has_sand": "2024-10-21 05:16:48 +0000"
    },
    "done": true
  },
  "minecraft:recipes/building_blocks/gray_concrete_powder": {
    "criteria": {
      "has_sand": "2024-10-21 05:16:48 +0000"
    },
    "done": true
  },
  "minecraft:recipes/building_blocks/black_concrete_powder": {
    "criteria": {
      "has_sand": "2024-10-21 05:16:48 +0000"
    },
    "done": true
  },
  "minecraft:recipes/building_blocks/purple_concrete_powder": {
    "criteria": {
      "has_sand": "2024-10-21 05:16:48 +0000"
    },
    "done": true
  },
  "minecraft:recipes/building_blocks/cyan_concrete_powder": {
    "criteria": {
      "has_sand": "2024-10-21 05:16:48 +0000"
    },
    "done": true
  },
  "minecraft:recipes/misc/paper": {
    "criteria": {
      "has_reeds": "2024-10-21 05:17:38 +0000"
    },
    "done": true
  },
  "minecraft:recipes/misc/sugar_from_sugar_cane": {
    "criteria": {
      "has_sugar_cane": "2024-10-21 05:17:38 +0000"
    },
    "done": true
  },
  "werewolves:recipes/misc/stone_altar_fire_bowl": {
    "criteria": {
      "has_planks": "2024-10-21 05:20:19 +0000"
    },
    "done": true
  },
  "minecraft:recipes/decorations/oak_sign": {
    "criteria": {
      "has_planks": "2024-10-21 05:20:19 +0000"
    },
    "done": true
  },
  "minecraft:recipes/redstone/oak_trapdoor": {
    "criteria": {
      "has_planks": "2024-10-21 05:20:19 +0000"
    },
    "done": true
  },
  "minecraft:recipes/misc/stick": {
    "criteria": {
      "has_planks": "2024-10-21 05:20:19 +0000"
    },
    "done": true
  },
  "minecraft:recipes/building_blocks/oak_stairs": {
    "criteria": {
      "has_planks": "2024-10-21 05:20:19 +0000"
    },
    "done": true
  },
  "minecraft:recipes/decorations/oak_fence": {
    "criteria": {
      "has_planks": "2024-10-21 05:20:19 +0000"
    },
    "done": true
  },
  "iceandfire:recipes/misc/earplugs": {
    "criteria": {
      "has_item": "2024-10-21 05:20:19 +0000"
    },
    "done": true
  },
  "vampirism:recipes/decorations/vampire/altar_inspiration": {
    "criteria": {
      "has_planks": "2024-10-21 05:20:19 +0000"
    },
    "done": true
  },
  "minecraft:recipes/redstone/oak_button": {
    "criteria": {
      "has_planks": "2024-10-21 05:20:19 +0000"
    },
    "done": true
  },
  "minecraft:recipes/building_blocks/oak_slab": {
    "criteria": {
      "has_planks": "2024-10-21 05:20:19 +0000"
    },
    "done": true
  },
  "vampirism:recipes/decorations/hunter/cross": {
    "criteria": {
      "has_planks": "2024-10-21 05:20:19 +0000"
    },
    "done": true
  },
  "minecraft:recipes/redstone/oak_fence_gate": {
    "criteria": {
      "has_planks": "2024-10-21 05:20:19 +0000"
    },
    "done": true
  },
  "vampirism:recipes/decorations/bat_cage": {
    "criteria": {
      "has_planks": "2024-10-21 05:20:19 +0000"
    },
    "done": true
  },
  "minecraft:recipes/redstone/oak_pressure_plate": {
    "criteria": {
      "has_planks": "2024-10-21 05:20:19 +0000"
    },
    "done": true
  },
  "minecraft:recipes/redstone/oak_door": {
    "criteria": {
      "has_planks": "2024-10-21 05:20:19 +0000"
    },
    "done": true
  },
  "vampirism:recipes/combat/alchemy_table": {
    "criteria": {
      "has_planks": "2024-10-21 05:20:19 +0000"
    },
    "done": true
  },
  "minecraft:recipes/decorations/barrel": {
    "criteria": {
      "has_planks": "2024-10-21 05:20:19 +0000"
    },
    "done": true
  },
  "vampirism:recipes/decorations/general/vampire_rack": {
    "criteria": {
      "has_planks": "2024-10-21 05:20:19 +0000"
    },
    "done": true
  },
  "vampirism:recipes/decorations/general/altar_cleansing": {
    "criteria": {
      "has_vampire_book": "2024-10-21 05:20:19 +0000"
    },
    "done": true
  },
  "minecraft:adventure/kill_all_mobs": {
    "criteria": {
      "minecraft:skeleton": "2024-10-21 05:23:59 +0000"
    },
    "done": false
  },
  "minecraft:adventure/kill_a_mob": {
    "criteria": {
      "minecraft:skeleton": "2024-10-21 05:23:59 +0000"
    },
    "done": true
  },
  "vampirism:recipes/combat/hunter/crossbow_arrow_from_vanilla": {
    "criteria": {
      "has_arrow": "2024-10-21 05:24:00 +0000"
    },
    "done": true
  },
  "travelersbackpack:recipes/misc/skeleton": {
    "criteria": {
      "has_arrow": "2024-10-21 05:24:00 +0000"
    },
    "done": true
  },
  "minecraft:recipes/misc/yellow_dye_from_dandelion": {
    "criteria": {
      "has_dandelion": "2024-10-21 05:32:08 +0000"
    },
    "done": true
  },
  "biomesoplenty:recipes/building_blocks/fir_slab": {
    "criteria": {
      "has_planks": "2024-10-21 05:34:10 +0000"
    },
    "done": true
  },
  "biomesoplenty:recipes/redstone/fir_fence_gate": {
    "criteria": {
      "has_planks": "2024-10-21 05:34:10 +0000"
    },
    "done": true
  },
  "biomesoplenty:recipes/decorations/fir_fence": {
    "criteria": {
      "has_planks": "2024-10-21 05:34:10 +0000"
    },
    "done": true
  },
  "biomesoplenty:recipes/decorations/fir_sign": {
    "criteria": {
      "has_planks": "2024-10-21 05:34:10 +0000"
    },
    "done": true
  },
  "biomesoplenty:recipes/redstone/fir_button": {
    "criteria": {
      "has_planks": "2024-10-21 05:34:10 +0000"
    },
    "done": true
  },
  "biomesoplenty:recipes/redstone/fir_door": {
    "criteria": {
      "has_planks": "2024-10-21 05:34:10 +0000"
    },
    "done": true
  },
  "biomesoplenty:recipes/building_blocks/fir_stairs": {
    "criteria": {
      "has_planks": "2024-10-21 05:34:10 +0000"
    },
    "done": true
  },
  "biomesoplenty:recipes/redstone/fir_trapdoor": {
    "criteria": {
      "has_planks": "2024-10-21 05:34:10 +0000"
    },
    "done": true
  },
  "biomesoplenty:recipes/redstone/fir_pressure_plate": {
    "criteria": {
      "has_planks": "2024-10-21 05:34:10 +0000"
    },
    "done": true
  },
  "travelersbackpack:recipes/misc/crafting_upgrade": {
    "criteria": {
      "has_crafting_table": "2024-10-21 05:34:17 +0000"
    },
    "done": true
  },
  "minecraft:story/root": {
    "criteria": {
      "crafting_table": "2024-10-21 05:34:17 +0000"
    },
    "done": true
  },
  "minecraft:recipes/misc/raw_silver_block": {
    "criteria": {
      "has_raw_silver": "2024-10-21 05:42:13 +0000"
    },
    "done": true
  },
  "minecraft:recipes/misc/silver_ingot_from_blasting_raw_silver": {
    "criteria": {
      "has_raw_silver": "2024-10-21 05:42:13 +0000"
    },
    "done": true
  },
  "minecraft:recipes/misc/silver_ingot_from_smelting_raw_silver": {
    "criteria": {
      "has_raw_silver": "2024-10-21 05:42:13 +0000"
    },
    "done": true
  },
  "minecraft:recipes/misc/copper_ingot_from_blasting_raw_copper": {
    "criteria": {
      "has_raw_copper": "2024-10-21 05:42:27 +0000"
    },
    "done": true
  },
  "minecraft:recipes/building_blocks/raw_copper_block": {
    "criteria": {
      "has_raw_copper": "2024-10-21 05:42:27 +0000"
    },
    "done": true
  },
  "minecraft:recipes/misc/copper_ingot_from_smelting_raw_copper": {
    "criteria": {
      "has_raw_copper": "2024-10-21 05:42:27 +0000"
    },
    "done": true
  },
  "minecraft:recipes/building_blocks/granite_slab_from_granite_stonecutting": {
    "criteria": {
      "has_granite": "2024-10-21 05:42:32 +0000"
    },
    "done": true
  },
  "minecraft:recipes/decorations/granite_wall_from_granite_stonecutting": {
    "criteria": {
      "has_granite": "2024-10-21 05:42:32 +0000"
    },
    "done": true
  },
  "minecraft:recipes/building_blocks/polished_granite_from_granite_stonecutting": {
    "criteria": {
      "has_granite": "2024-10-21 05:42:32 +0000"
    },
    "done": true
  },
  "minecraft:recipes/building_blocks/granite_slab": {
    "criteria": {
      "has_granite": "2024-10-21 05:42:32 +0000"
    },
    "done": true
  },
  "minecraft:recipes/building_blocks/granite_stairs": {
    "criteria": {
      "has_granite": "2024-10-21 05:42:32 +0000"
    },
    "done": true
  },
  "minecraft:recipes/building_blocks/granite_stairs_from_granite_stonecutting": {
    "criteria": {
      "has_granite": "2024-10-21 05:42:32 +0000"
    },
    "done": true
  },
  "minecraft:recipes/decorations/granite_wall": {
    "criteria": {
      "has_granite": "2024-10-21 05:42:32 +0000"
    },
    "done": true
  },
  "minecraft:recipes/building_blocks/polished_granite_slab_from_granite_stonecutting": {
    "criteria": {
      "has_granite": "2024-10-21 05:42:32 +0000"
    },
    "done": true
  },
  "minecraft:recipes/building_blocks/polished_granite": {
    "criteria": {
      "has_granite": "2024-10-21 05:42:32 +0000"
    },
    "done": true
  },
  "minecraft:recipes/building_blocks/polished_granite_stairs_from_granite_stonecutting": {
    "criteria": {
      "has_granite": "2024-10-21 05:42:32 +0000"
    },
    "done": true
  },
  "minecraft:recipes/building_blocks/raw_iron_block": {
    "criteria": {
      "has_raw_iron": "2024-10-21 05:43:56 +0000"
    },
    "done": true
  },
  "minecraft:recipes/misc/iron_ingot_from_smelting_raw_iron": {
    "criteria": {
      "has_raw_iron": "2024-10-21 05:43:56 +0000"
    },
    "done": true
  },
  "minecraft:recipes/misc/iron_ingot_from_blasting_raw_iron": {
    "criteria": {
      "has_raw_iron": "2024-10-21 05:43:56 +0000"
    },
    "done": true
  },
  "vampirism:recipes/decorations/general/grave_cage": {
    "criteria": {
      "has_coal": "2024-10-21 05:44:12 +0000"
    },
    "done": true
  },
  "travelersbackpack:recipes/misc/coal": {
    "criteria": {
      "has_coal": "2024-10-21 05:44:12 +0000"
    },
    "done": true
  },
  "minecraft:recipes/building_blocks/coal_block": {
    "criteria": {
      "has_coal": "2024-10-21 05:44:12 +0000"
    },
    "done": true
  },
  "minecraft:recipes/decorations/smoker": {
    "criteria": {
      "has_furnace": "2024-10-21 05:44:35 +0000"
    },
    "done": true
  },
  "minecraft:recipes/combat/iron_leggings": {
    "criteria": {
      "has_iron_ingot": "2024-10-21 05:45:12 +0000"
    },
    "done": true
  },
  "minecraft:recipes/combat/iron_chestplate": {
    "criteria": {
      "has_iron_ingot": "2024-10-21 05:45:12 +0000"
    },
    "done": true
  },
  "vampirism:recipes/decorations/hunter/item_med_chair": {
    "criteria": {
      "has_iron_ingot": "2024-10-21 05:45:12 +0000"
    },
    "done": true
  },
  "travelersbackpack:recipes/misc/backpack_tank": {
    "criteria": {
      "has_iron": "2024-10-21 05:45:12 +0000"
    },
    "done": true
  },
  "minecraft:recipes/misc/iron_nugget": {
    "criteria": {
      "has_iron_ingot": "2024-10-21 05:45:12 +0000"
    },
    "done": true
  },
  "minecraft:recipes/misc/bucket": {
    "criteria": {
      "has_iron_ingot": "2024-10-21 05:45:12 +0000"
    },
    "done": true
  },
  "minecraft:recipes/combat/iron_helmet": {
    "criteria": {
      "has_iron_ingot": "2024-10-21 05:45:12 +0000"
    },
    "done": true
  },
  "minecraft:recipes/transportation/minecart": {
    "criteria": {
      "has_iron_ingot": "2024-10-21 05:45:12 +0000"
    },
    "done": true
  },
  "minecraft:recipes/tools/iron_hoe": {
    "criteria": {
      "has_iron_ingot": "2024-10-21 05:45:12 +0000"
    },
    "done": true
  },
  "minecraft:story/smelt_iron": {
    "criteria": {
      "iron": "2024-10-21 05:45:12 +0000"
    },
    "done": true
  },
  "minecraft:recipes/tools/shears": {
    "criteria": {
      "has_iron_ingot": "2024-10-21 05:45:12 +0000"
    },
    "done": true
  },
  "vampirism:recipes/combat/weapontable/crucifix_enhanced": {
    "criteria": {
      "iron": "2024-10-21 05:45:12 +0000"
    },
    "done": true
  },
  "vampirism:recipes/misc/vampire/blood_infused_enhanced_iron_ingot": {
    "criteria": {
      "has_iron": "2024-10-21 05:45:12 +0000"
    },
    "done": true
  },
  "minecraft:recipes/decorations/chain": {
    "criteria": {
      "has_iron_ingot": "2024-10-21 05:45:12 +0000"
    },
    "done": true
  },
  "vampirism:recipes/misc/vampire/blood_infused_iron_ingot": {
    "criteria": {
      "has_iron": "2024-10-21 05:45:12 +0000"
    },
    "done": true
  },
  "minecraft:recipes/building_blocks/iron_block": {
    "criteria": {
      "has_iron_ingot": "2024-10-21 05:45:12 +0000"
    },
    "done": true
  },
  "minecraft:recipes/decorations/smithing_table": {
    "criteria": {
      "has_iron_ingot": "2024-10-21 05:45:12 +0000"
    },
    "done": true
  },
  "vampirism:recipes/decorations/vampire/altar_tip": {
    "criteria": {
      "has_iron": "2024-10-21 05:45:12 +0000"
    },
    "done": true
  },
  "minecraft:recipes/combat/iron_sword": {
    "criteria": {
      "has_iron_ingot": "2024-10-21 05:45:12 +0000"
    },
    "done": true
  },
  "minecraft:recipes/tools/iron_pickaxe": {
    "criteria": {
      "has_iron_ingot": "2024-10-21 05:45:12 +0000"
    },
    "done": true
  },
  "minecraft:recipes/combat/shield": {
    "criteria": {
      "has_iron_ingot": "2024-10-21 05:45:12 +0000"
    },
    "done": true
  },
  "vampirism:recipes/decorations/vampire/blood_container": {
    "criteria": {
      "has_iron": "2024-10-21 05:45:12 +0000"
    },
    "done": true
  },
  "minecraft:recipes/redstone/hopper": {
    "criteria": {
      "has_iron_ingot": "2024-10-21 05:45:12 +0000"
    },
    "done": true
  },
  "travelersbackpack:recipes/misc/iron": {
    "criteria": {
      "has_iron_ingot": "2024-10-21 05:45:12 +0000"
    },
    "done": true
  },
  "minecraft:recipes/decorations/iron_bars": {
    "criteria": {
      "has_iron_ingot": "2024-10-21 05:45:12 +0000"
    },
    "done": true
  },
  "travelersbackpack:recipes/misc/iron_tier_upgrade": {
    "criteria": {
      "has_iron_ingot": "2024-10-21 05:45:12 +0000"
    },
    "done": true
  },
  "minecraft:recipes/combat/iron_boots": {
    "criteria": {
      "has_iron_ingot": "2024-10-21 05:45:12 +0000"
    },
    "done": true
  },
  "travelersbackpack:recipes/misc/hose_nozzle": {
    "criteria": {
      "has_iron": "2024-10-21 05:45:12 +0000"
    },
    "done": true
  },
  "vampirism:recipes/decorations/vampire/candle_stick": {
    "criteria": {
      "has_iron": "2024-10-21 05:45:12 +0000"
    },
    "done": true
  },
  "minecraft:recipes/decorations/lantern": {
    "criteria": {
      "has_iron_ingot": "2024-10-21 05:45:12 +0000"
    },
    "done": true
  },
  "minecraft:recipes/tools/iron_shovel": {
    "criteria": {
      "has_iron_ingot": "2024-10-21 05:45:12 +0000"
    },
    "done": true
  },
  "vampirism:recipes/decorations/hunter/alchemical_cauldron": {
    "criteria": {
      "has_iron": "2024-10-21 05:45:12 +0000"
    },
    "done": true
  },
  "vampirism:recipes/combat/hunter/crossbow_arrow_normal": {
    "criteria": {
      "has_iron_ingot": "2024-10-21 05:45:12 +0000"
    },
    "done": true
  },
  "vampirism:recipes/decorations/vampire/candelabra_candles": {
    "criteria": {
      "has_iron": "2024-10-21 05:45:12 +0000"
    },
    "done": true
  },
  "minecraft:recipes/redstone/iron_trapdoor": {
    "criteria": {
      "has_iron_ingot": "2024-10-21 05:45:12 +0000"
    },
    "done": true
  },
  "vampirism:recipes/decorations/hunter/weapon_table": {
    "criteria": {
      "has_iron_ingot": "2024-10-21 05:45:12 +0000"
    },
    "done": true
  },
  "minecraft:recipes/tools/iron_axe": {
    "criteria": {
      "has_iron_ingot": "2024-10-21 05:45:12 +0000"
    },
    "done": true
  },
  "minecraft:recipes/redstone/iron_door": {
    "criteria": {
      "has_iron_ingot": "2024-10-21 05:45:12 +0000"
    },
    "done": true
  },
  "minecraft:recipes/redstone/heavy_weighted_pressure_plate": {
    "criteria": {
      "has_iron_ingot": "2024-10-21 05:45:12 +0000"
    },
    "done": true
  },
  "iceandfire:recipes/tools/silver_ingot_from_smelting_raw_silver": {
    "criteria": {
      "has_raw_silver": "2024-10-21 05:46:08 +0000"
    },
    "done": true
  },
  "iceandfire:recipes/building_blocks/raw_silver_to_raw_silver_block": {
    "criteria": {
      "has_raw_silver": "2024-10-21 05:46:08 +0000"
    },
    "done": true
  },
  "iceandfire:recipes/tools/silver_ingot_from_blasting_raw_silver": {
    "criteria": {
      "has_raw_silver": "2024-10-21 05:46:08 +0000"
    },
    "done": true
  },
  "minecraft:recipes/building_blocks/andesite_stairs": {
    "criteria": {
      "has_andesite": "2024-10-21 05:48:31 +0000"
    },
    "done": true
  },
  "minecraft:recipes/decorations/andesite_wall_from_andesite_stonecutting": {
    "criteria": {
      "has_andesite": "2024-10-21 05:48:31 +0000"
    },
    "done": true
  },
  "minecraft:recipes/building_blocks/polished_andesite_slab_from_andesite_stonecutting": {
    "criteria": {
      "has_andesite": "2024-10-21 05:48:31 +0000"
    },
    "done": true
  },
  "minecraft:recipes/building_blocks/andesite_slab_from_andesite_stonecutting": {
    "criteria": {
      "has_andesite": "2024-10-21 05:48:31 +0000"
    },
    "done": true
  },
  "minecraft:recipes/building_blocks/andesite_stairs_from_andesite_stonecutting": {
    "criteria": {
      "has_andesite": "2024-10-21 05:48:31 +0000"
    },
    "done": true
  },
  "minecraft:recipes/building_blocks/polished_andesite_from_andesite_stonecutting": {
    "criteria": {
      "has_andesite": "2024-10-21 05:48:31 +0000"
    },
    "done": true
  },
  "minecraft:recipes/building_blocks/polished_andesite": {
    "criteria": {
      "has_andesite": "2024-10-21 05:48:31 +0000"
    },
    "done": true
  },
  "minecraft:recipes/decorations/andesite_wall": {
    "criteria": {
      "has_andesite": "2024-10-21 05:48:31 +0000"
    },
    "done": true
  },
  "minecraft:recipes/building_blocks/andesite_slab": {
    "criteria": {
      "has_andesite": "2024-10-21 05:48:31 +0000"
    },
    "done": true
  },
  "minecraft:recipes/building_blocks/polished_andesite_stairs_from_andesite_stonecutting": {
    "criteria": {
      "has_andesite": "2024-10-21 05:48:31 +0000"
    },
    "done": true
  },
  "minecraft:recipes/building_blocks/polished_deepslate": {
    "criteria": {
      "has_cobbled_deepslate": "2024-10-21 05:51:23 +0000"
    },
    "done": true
  },
  "minecraft:recipes/building_blocks/deepslate_tile_stairs_from_cobbled_deepslate_stonecutting": {
    "criteria": {
      "has_cobbled_deepslate": "2024-10-21 05:51:23 +0000"
    },
    "done": true
  },
  "minecraft:recipes/building_blocks/deepslate_brick_stairs_from_cobbled_deepslate_stonecutting": {
    "criteria": {
      "has_cobbled_deepslate": "2024-10-21 05:51:23 +0000"
    },
    "done": true
  },
  "minecraft:recipes/building_blocks/chiseled_deepslate_from_cobbled_deepslate_stonecutting": {
    "criteria": {
      "has_cobbled_deepslate": "2024-10-21 05:51:23 +0000"
    },
    "done": true
  },
  "minecraft:recipes/building_blocks/cobbled_deepslate_slab": {
    "criteria": {
      "has_cobbled_deepslate": "2024-10-21 05:51:23 +0000"
    },
    "done": true
  },
  "minecraft:recipes/decorations/cobbled_deepslate_wall_from_cobbled_deepslate_stonecutting": {
    "criteria": {
      "has_cobbled_deepslate": "2024-10-21 05:51:23 +0000"
    },
    "done": true
  },
  "minecraft:recipes/decorations/cobbled_deepslate_wall": {
    "criteria": {
      "has_cobbled_deepslate": "2024-10-21 05:51:23 +0000"
    },
    "done": true
  },
  "minecraft:recipes/decorations/polished_deepslate_wall_from_cobbled_deepslate_stonecutting": {
    "criteria": {
      "has_cobbled_deepslate": "2024-10-21 05:51:23 +0000"
    },
    "done": true
  },
  "minecraft:recipes/building_blocks/cobbled_deepslate_stairs_from_cobbled_deepslate_stonecutting": {
    "criteria": {
      "has_cobbled_deepslate": "2024-10-21 05:51:23 +0000"
    },
    "done": true
  },
  "minecraft:recipes/building_blocks/deepslate": {
    "criteria": {
      "has_cobbled_deepslate": "2024-10-21 05:51:23 +0000"
    },
    "done": true
  },
  "minecraft:recipes/building_blocks/polished_deepslate_stairs_from_cobbled_deepslate_stonecutting": {
    "criteria": {
      "has_cobbled_deepslate": "2024-10-21 05:51:23 +0000"
    },
    "done": true
  },
  "minecraft:recipes/decorations/deepslate_brick_wall_from_cobbled_deepslate_stonecutting": {
    "criteria": {
      "has_cobbled_deepslate": "2024-10-21 05:51:23 +0000"
    },
    "done": true
  },
  "minecraft:recipes/building_blocks/polished_deepslate_from_cobbled_deepslate_stonecutting": {
    "criteria": {
      "has_cobbled_deepslate": "2024-10-21 05:51:23 +0000"
    },
    "done": true
  },
  "minecraft:recipes/building_blocks/polished_deepslate_slab_from_cobbled_deepslate_stonecutting": {
    "criteria": {
      "has_cobbled_deepslate": "2024-10-21 05:51:23 +0000"
    },
    "done": true
  },
  "minecraft:recipes/building_blocks/deepslate_brick_slab_from_cobbled_deepslate_stonecutting": {
    "criteria": {
      "has_cobbled_deepslate": "2024-10-21 05:51:23 +0000"
    },
    "done": true
  },
  "minecraft:recipes/building_blocks/cobbled_deepslate_slab_from_cobbled_deepslate_stonecutting": {
    "criteria": {
      "has_cobbled_deepslate": "2024-10-21 05:51:23 +0000"
    },
    "done": true
  },
  "minecraft:recipes/building_blocks/deepslate_tile_slab_from_cobbled_deepslate_stonecutting": {
    "criteria": {
      "has_cobbled_deepslate": "2024-10-21 05:51:23 +0000"
    },
    "done": true
  },
  "minecraft:recipes/building_blocks/cobbled_deepslate_stairs": {
    "criteria": {
      "has_cobbled_deepslate": "2024-10-21 05:51:23 +0000"
    },
    "done": true
  },
  "minecraft:recipes/decorations/deepslate_tile_wall_from_cobbled_deepslate_stonecutting": {
    "criteria": {
      "has_cobbled_deepslate": "2024-10-21 05:51:23 +0000"
    },
    "done": true
  },
  "minecraft:recipes/building_blocks/deepslate_bricks_from_cobbled_deepslate_stonecutting": {
    "criteria": {
      "has_cobbled_deepslate": "2024-10-21 05:51:23 +0000"
    },
    "done": true
  },
  "minecraft:recipes/building_blocks/deepslate_tiles_from_cobbled_deepslate_stonecutting": {
    "criteria": {
      "has_cobbled_deepslate": "2024-10-21 05:51:23 +0000"
    },
    "done": true
  },
  "minecraft:recipes/misc/silver_nugget": {
    "criteria": {
      "has_silver_ingot": "2024-10-21 05:53:00 +0000"
    },
    "done": true
  },
  "minecraft:recipes/misc/silver_block": {
    "criteria": {
      "has_silver_ingot": "2024-10-21 05:53:00 +0000"
    },
    "done": true
  },
  "minecraft:recipes/misc/silver_nugget_from_smelting": {
    "criteria": {
      "has_silver_pickaxe": "2024-10-21 05:53:18 +0000"
    },
    "done": true
  },
  "minecraft:recipes/misc/silver_nugget_from_blasting": {
    "criteria": {
      "has_silver_pickaxe": "2024-10-21 05:53:18 +0000"
    },
    "done": true
  },
  "iceandfire:recipes/combat/armor_silver_metal_chestplate": {
    "criteria": {
      "has_the_recipe": "2024-10-21 05:53:35 +0000"
    },
    "done": true
  },
  "iceandfire:recipes/combat/armor_silver_metal_leggings": {
    "criteria": {
      "has_the_recipe": "2024-10-21 05:53:49 +0000"
    },
    "done": true
  },
  "minecraft:recipes/decorations/painting": {
    "criteria": {
      "has_wool": "2024-10-21 06:01:02 +0000"
    },
    "done": true
  },
  "travelersbackpack:recipes/decorations/white_sleeping_bag": {
    "criteria": {
      "has_white_wool": "2024-10-21 06:01:02 +0000"
    },
    "done": true
  },
  "minecraft:recipes/decorations/white_carpet": {
    "criteria": {
      "has_white_wool": "2024-10-21 06:01:02 +0000"
    },
    "done": true
  },
  "travelersbackpack:recipes/misc/sheep": {
    "criteria": {
      "has_white_wool": "2024-10-21 06:01:02 +0000"
    },
    "done": true
  },
  "minecraft:recipes/decorations/white_banner": {
    "criteria": {
      "has_white_wool": "2024-10-21 06:01:02 +0000"
    },
    "done": true
  },
  "minecraft:recipes/decorations/white_bed": {
    "criteria": {
      "has_white_wool": "2024-10-21 06:01:02 +0000"
    },
    "done": true
  },
  "vampirism:recipes/decorations/vampire/coffin_white": {
    "criteria": {
      "has_wool": "2024-10-21 06:01:02 +0000"
    },
    "done": true
  },
  "minecraft:recipes/food/cooked_mutton_from_smoking": {
    "criteria": {
      "has_mutton": "2024-10-21 06:01:03 +0000"
    },
    "done": true
  },
  "minecraft:recipes/food/cooked_mutton": {
    "criteria": {
      "has_mutton": "2024-10-21 06:01:03 +0000"
    },
    "done": true
  },
  "minecraft:recipes/food/cooked_mutton_from_campfire_cooking": {
    "criteria": {
      "has_mutton": "2024-10-21 06:01:03 +0000"
    },
    "done": true
  },
  "minecraft:recipes/misc/gold_ingot_from_nuggets": {
    "criteria": {
      "has_gold_nugget": "2024-10-21 06:07:24 +0000"
    },
    "done": true
  },
  "minecraft:recipes/brewing/golden_carrot": {
    "criteria": {
      "has_gold_nugget": "2024-10-21 06:07:24 +0000"
    },
    "done": true
  },
  "iceandfire:recipes/food/gold_pile": {
    "criteria": {
      "has_item": "2024-10-21 06:07:24 +0000"
    },
    "done": true
  },
  "minecraft:recipes/decorations/stone_brick_wall": {
    "criteria": {
      "has_stone_bricks": "2024-10-21 06:08:21 +0000"
    },
    "done": true
  },
  "minecraft:recipes/building_blocks/cracked_stone_bricks": {
    "criteria": {
      "has_stone_bricks": "2024-10-21 06:08:21 +0000"
    },
    "done": true
  },
  "vampirism:recipes/decorations/vampire/altar_pillar": {
    "criteria": {
      "has_stones": "2024-10-21 06:08:21 +0000"
    },
    "done": true
  },
  "minecraft:recipes/building_blocks/stone_brick_stairs_from_stone_bricks_stonecutting": {
    "criteria": {
      "has_stone_bricks": "2024-10-21 06:08:21 +0000"
    },
    "done": true
  },
  "iceandfire:recipes/building_blocks/dragonforge_ice_brick": {
    "criteria": {
      "has_item": "2024-10-21 06:08:21 +0000"
    },
    "done": true
  },
  "iceandfire:recipes/building_blocks/dragonforge_lightning_brick": {
    "criteria": {
      "has_item": "2024-10-21 06:08:21 +0000"
    },
    "done": true
  },
  "minecraft:recipes/building_blocks/stone_brick_stairs": {
    "criteria": {
      "has_stone_bricks": "2024-10-21 06:08:21 +0000"
    },
    "done": true
  },
  "iceandfire:recipes/building_blocks/dragonforge_fire_brick": {
    "criteria": {
      "has_item": "2024-10-21 06:08:21 +0000"
    },
    "done": true
  },
  "minecraft:recipes/building_blocks/chiseled_stone_bricks": {
    "criteria": {
      "has_tag": "2024-10-21 06:08:21 +0000"
    },
    "done": true
  },
  "minecraft:recipes/decorations/stone_brick_wall_from_stone_bricks_stonecutting": {
    "criteria": {
      "has_stone_bricks": "2024-10-21 06:08:21 +0000"
    },
    "done": true
  },
  "minecraft:recipes/building_blocks/stone_brick_slab_from_stone_bricks_stonecutting": {
    "criteria": {
      "has_stone_bricks": "2024-10-21 06:08:21 +0000"
    },
    "done": true
  },
  "minecraft:recipes/building_blocks/stone_brick_slab": {
    "criteria": {
      "has_stone_bricks": "2024-10-21 06:08:21 +0000"
    },
    "done": true
  },
  "minecraft:recipes/building_blocks/chiseled_stone_bricks_from_stone_bricks_stonecutting": {
    "criteria": {
      "has_stone_bricks": "2024-10-21 06:08:21 +0000"
    },
    "done": true
  },
  "werewolves:recipes/misc/stone_altar": {
    "criteria": {
      "has_stone_bricks": "2024-10-21 06:08:21 +0000"
    },
    "done": true
  },
  "minecraft:story/obtain_armor": {
    "criteria": {
      "iron_boots": "2024-10-24 03:22:54 +0000"
    },
    "done": true
  },
  "minecraft:recipes/misc/iron_nugget_from_smelting": {
    "criteria": {
      "has_iron_boots": "2024-10-24 03:22:54 +0000"
    },
    "done": true
  },
  "werewolves:recipes/transportation/jacaranda_chest_boat": {
    "criteria": {
      "has_boat": "2024-10-24 03:14:18 +0000"
    },
    "done": true
  },
  "minecraft:story/iron_tools": {
    "criteria": {
      "iron_pickaxe": "2024-10-24 03:23:40 +0000"
    },
    "done": true
  },
  "twilightforest:recipes/transportation/transformation_chest_boat": {
    "criteria": {
      "has_boat": "2024-10-24 03:14:18 +0000"
    },
    "done": true
  },
  "twilightforest:recipes/transportation/sorting_chest_boat": {
    "criteria": {
      "has_boat": "2024-10-24 03:14:18 +0000"
    },
    "done": true
  },
  "biomesoplenty:recipes/transportation/jacaranda_chest_boat": {
    "criteria": {
      "has_boat": "2024-10-24 03:14:18 +0000"
    },
    "done": true
  },
  "twilightforest:recipes/transportation/canopy_chest_boat": {
    "criteria": {
      "has_boat": "2024-10-24 03:14:18 +0000"
    },
    "done": true
  },
  "biomesoplenty:recipes/transportation/pine_chest_boat": {
    "criteria": {
      "has_boat": "2024-10-24 03:14:18 +0000"
    },
    "done": true
  },
  "minecraft:recipes/transportation/spruce_chest_boat": {
    "criteria": {
      "has_boat": "2024-10-24 03:14:18 +0000"
    },
    "done": true
  },
  "biomesoplenty:recipes/misc/purple_dye_from_tall_lavender": {
    "criteria": {
      "has_tall_lavender": "2024-10-24 03:13:08 +0000"
    },
    "done": true
  },
  "minecraft:recipes/transportation/jungle_chest_boat": {
    "criteria": {
      "has_boat": "2024-10-24 03:14:18 +0000"
    },
    "done": true
  },
  "twilightforest:recipes/transportation/time_chest_boat": {
    "criteria": {
      "has_boat": "2024-10-24 03:14:18 +0000"
    },
    "done": true
  },
  "minecraft:recipes/transportation/acacia_chest_boat": {
    "criteria": {
      "has_boat": "2024-10-24 03:14:18 +0000"
    },
    "done": true
  },
  "biomesoplenty:recipes/transportation/magic_chest_boat": {
    "criteria": {
      "has_boat": "2024-10-24 03:14:18 +0000"
    },
    "done": true
  },
  "minecraft:recipes/building_blocks/birch_wood": {
    "criteria": {
      "has_log": "2024-10-24 03:27:32 +0000"
    },
    "done": true
  },
  "minecraft:recipes/transportation/mangrove_chest_boat": {
    "criteria": {
      "has_boat": "2024-10-24 03:14:18 +0000"
    },
    "done": true
  },
  "biomesoplenty:recipes/building_blocks/redwood_planks": {
    "criteria": {
      "has_logs": "2024-10-24 03:16:18 +0000"
    },
    "done": true
  },
  "biomesoplenty:recipes/transportation/fir_chest_boat": {
    "criteria": {
      "has_boat": "2024-10-24 03:14:18 +0000"
    },
    "done": true
  },
  "biomesoplenty:recipes/transportation/maple_chest_boat": {
    "criteria": {
      "has_boat": "2024-10-24 03:14:18 +0000"
    },
    "done": true
  },
  "biomesoplenty:recipes/transportation/palm_chest_boat": {
    "criteria": {
      "has_boat": "2024-10-24 03:14:18 +0000"
    },
    "done": true
  },
  "vampirism:recipes/transportation/dark_spruce_chest_boat": {
    "criteria": {
      "has_boat": "2024-10-24 03:14:18 +0000"
    },
    "done": true
  },
  "iceandfire:recipes/misc/bestiary": {
    "criteria": {
      "has_item": "2024-10-24 03:18:50 +0000"
    },
    "done": true
  },
  "biomesoplenty:recipes/transportation/redwood_chest_boat": {
    "criteria": {
      "has_boat": "2024-10-24 03:14:18 +0000"
    },
    "done": true
  },
  "twilightforest:recipes/transportation/mining_chest_boat": {
    "criteria": {
      "has_boat": "2024-10-24 03:14:18 +0000"
    },
    "done": true
  },
  "minecraft:recipes/transportation/oak_chest_boat": {
    "criteria": {
      "has_boat": "2024-10-24 03:14:18 +0000"
    },
    "done": true
  },
  "minecraft:recipes/transportation/cherry_chest_boat": {
    "criteria": {
      "has_boat": "2024-10-24 03:14:18 +0000"
    },
    "done": true
  },
  "biomesoplenty:recipes/transportation/empyreal_chest_boat": {
    "criteria": {
      "has_boat": "2024-10-24 03:14:18 +0000"
    },
    "done": true
  },
  "minecraft:recipes/transportation/birch_chest_boat": {
    "criteria": {
      "has_boat": "2024-10-24 03:14:18 +0000"
    },
    "done": true
  },
  "biomesoplenty:recipes/transportation/dead_chest_boat": {
    "criteria": {
      "has_boat": "2024-10-24 03:14:18 +0000"
    },
    "done": true
  },
  "twilightforest:recipes/transportation/twilight_oak_chest_boat": {
    "criteria": {
      "has_boat": "2024-10-24 03:14:18 +0000"
    },
    "done": true
  },
  "minecraft:recipes/transportation/dark_oak_chest_boat": {
    "criteria": {
      "has_boat": "2024-10-24 03:14:18 +0000"
    },
    "done": true
  },
  "twilightforest:recipes/transportation/mangrove_chest_boat": {
    "criteria": {
      "has_boat": "2024-10-24 03:14:18 +0000"
    },
    "done": true
  },
  "minecraft:recipes/transportation/bamboo_chest_raft": {
    "criteria": {
      "has_boat": "2024-10-24 03:14:18 +0000"
    },
    "done": true
  },
  "minecraft:recipes/building_blocks/birch_planks": {
    "criteria": {
      "has_logs": "2024-10-24 03:27:32 +0000"
    },
    "done": true
  },
  "vampirism:recipes/transportation/cursed_spruce_chest_boat": {
    "criteria": {
      "has_boat": "2024-10-24 03:14:18 +0000"
    },
    "done": true
  },
  "biomesoplenty:recipes/transportation/hellbark_chest_boat": {
    "criteria": {
      "has_boat": "2024-10-24 03:14:18 +0000"
    },
    "done": true
  },
  "twilightforest:recipes/transportation/dark_chest_boat": {
    "criteria": {
      "has_boat": "2024-10-24 03:14:18 +0000"
    },
    "done": true
  },
  "werewolves:recipes/transportation/magic_chest_boat": {
    "criteria": {
      "has_boat": "2024-10-24 03:14:18 +0000"
    },
    "done": true
  },
  "minecraft:recipes/misc/iron_nugget_from_blasting": {
    "criteria": {
      "has_iron_boots": "2024-10-24 03:22:54 +0000"
    },
    "done": true
  },
  "biomesoplenty:recipes/transportation/mahogany_chest_boat": {
    "criteria": {
      "has_boat": "2024-10-24 03:14:18 +0000"
    },
    "done": true
  },
  "biomesoplenty:recipes/transportation/umbran_chest_boat": {
    "criteria": {
      "has_boat": "2024-10-24 03:14:18 +0000"
    },
    "done": true
  },
  "biomesoplenty:recipes/transportation/willow_chest_boat": {
    "criteria": {
      "has_boat": "2024-10-24 03:14:18 +0000"
    },
    "done": true
  },
  "DataVersion": 3465
}